miRNA	biofluid	logFC	AveExpr	t	P.Value	adj.P.Val	B	AUC	n_target	n_rest
hsa-miR-486-5p	Serum	2.00541673360973	14.6963138965479	4.86429670900568	2.23344416802278e-06	0.000216132524650775	4.49121384453994	0.682527556477136	77	119
hsa-miR-92a-3p	Serum	0.957013437077305	14.6491299626689	4.63897699807392	6.11524686804923e-06	0.000277632207809435	3.53920574701397	0.707082833133253	77	119
hsa-miR-122-5p	Serum	1.66778153321117	14.3668474718833	3.60498486076201	0.00038889454301241	0.00376883096405753	-0.326598248019538	0.650114591291062	77	119
hsa-miR-21-5p	Serum	0.894129952540994	15.2274285873363	3.87027583519542	0.000144601639176926	0.00193085718195071	0.572531706506623	0.691913128887919	77	119
hsa-let-7b-5p	Serum	0.295565911927736	15.3885598446994	1.57818803745148	0.116008739157203	0.178535483313119	-5.33309986222368	0.608206919131289	77	119
hsa-miR-423-5p	Serum	0.618582012209017	15.5805324973061	2.96805837477658	0.00334030177288413	0.0147232718921301	-2.30650025331301	0.65600785768853	77	119
hsa-miR-30d-5p	Serum	0.19963540447524	15.280341587779	1.62145865202994	0.106401003632124	0.167207179342309	-5.26416314790349	0.564443959401943	77	119
hsa-let-7a-5p	Serum	0.840397146835566	14.9496663834929	3.91991363832827	0.000119451324388755	0.00165183992546983	0.753247757942376	0.685583324238786	77	119
hsa-let-7f-5p	Serum	0.705960574346205	14.4163961621195	3.00370968441405	0.00298690512572491	0.0136400598172043	-2.18701429791864	0.66266506602641	77	119
hsa-let-7i-5p	Serum	0.57878008681486	14.4229102581496	3.37579906468655	0.000874897570772281	0.0054411437963098	-1.07423572533115	0.692240532576667	77	119
hsa-miR-148a-3p	Serum	0.115605428364372	14.8963130244667	0.884677086616185	0.377329965708489	0.470625836350698	-6.1585163690751	0.55145694641493	77	119
hsa-miR-26a-5p	Serum	0.324531068372225	14.3271616029674	1.73840716529849	0.0835864474270004	0.13799362593403	-5.05405891581713	0.595438175270108	77	119
hsa-miR-151a-3p	Serum	0.351939133042629	14.4169668530047	2.75095513622329	0.00645458774546985	0.0220329536574685	-2.87547973667171	0.655353050311034	77	119
hsa-miR-423-3p	Serum	0.589213006222001	13.111546788133	3.70631651779475	0.0002682175195221	0.00320449352271141	0.0409975260477395	0.691476590636255	77	119
hsa-miR-320a	Serum	0.856350344611663	14.1827495185226	3.42077592194791	0.000748623310622394	0.00485535690032239	-0.927018652975588	0.667794390483466	77	119
hsa-let-7g-5p	Serum	0.514371492686415	12.9716158452631	2.50013831516184	0.013169797866529	0.0349654282538256	-3.46153329501368	0.658408818072684	77	119
hsa-miR-451a	Serum	1.39888818083543	12.4445942021358	3.59520334789898	0.000402924674929309	0.00376883096405753	-0.315350326560692	0.624140565317036	77	119
hsa-miR-128-3p	Serum	0.491150027055741	11.9788924499705	2.77993571435524	0.00592437595215744	0.0208501293199959	-2.72204751030959	0.64182036450944	77	119
hsa-miR-126-3p	Serum	1.58211466683788	12.1523390924577	4.58195187640221	7.8467471181922e-06	0.000289280465965522	3.34923752216494	0.664847757284732	77	119
hsa-miR-146a-5p	Serum	1.36110354616855	11.7334100284084	4.5221954800573	1.0164414568783e-05	0.000289280465965522	3.11694452710093	0.725308305140238	77	119
hsa-miR-10b-5p	Serum	-0.933346468007089	13.6877860529826	-3.60843813153166	0.000384052103141583	0.00376883096405753	-0.298915752353035	0.35621521335807	77	119
hsa-miR-10a-5p	Serum	-0.850373352338712	13.3663760653948	-3.5004377569336	0.000565812295151663	0.00452248424002142	-0.644904096559051	0.341918585616065	77	119
hsa-miR-25-3p	Serum	0.863977198959181	11.7846171431188	4.78896758266838	3.13988714333043e-06	0.000237584793845336	4.21790647621692	0.697697260722471	77	119
hsa-miR-22-3p	Serum	0.716046139787528	12.6418229812919	3.60934689840384	0.000382787225402273	0.00376883096405753	-0.273387347128089	0.663101604278075	77	119
hsa-miR-146b-5p	Serum	0.544085147051382	11.820365928973	2.74479022733799	0.00657277903204312	0.0221040124485006	-2.8068174821516	0.647822765469824	77	119
hsa-let-7d-3p	Serum	0.523139549001872	11.2096744189872	2.00644057191267	0.0460758055080055	0.0884189603791245	-4.44606371937927	0.635599694423224	77	119
hsa-miR-222-3p	Serum	0.448612427344674	12.0391502245927	2.67792490659149	0.00798649205037259	0.024172449272461	-2.98711264191798	0.649023245661901	77	119
hsa-miR-24-3p	Serum	0.699440053165863	12.0082527300278	4.17837755953873	4.28679259139337e-05	0.000884638107496631	1.76947529013794	0.683728036669213	77	119
hsa-miR-27b-3p	Serum	0.117896659024926	11.4971861385675	0.728303280622814	0.467229153399193	0.556750749719774	-6.14744982791515	0.54032522099749	77	119
hsa-miR-101-3p	Serum	0.747745378154043	12.1988147931848	3.42142154411666	0.00074694151597762	0.00485535690032239	-0.870639802298511	0.676961693768416	77	119
hsa-miR-143-3p	Serum	1.43056240443731	12.0819129071702	3.91858298697479	0.000120067659780847	0.00165183992546983	0.810336394490589	0.633089599476154	77	119
hsa-miR-1307-3p	Serum	0.412351237998525	11.5652227144663	1.96739152369495	0.0504381906037225	0.0938481087462706	-4.53692834661262	0.638982865873622	77	119
hsa-miR-191-5p	Serum	0.849543632112784	11.5130335575667	4.50866686452167	1.07739517983341e-05	0.000289280465965522	3.07039534786149	0.713958310596966	77	119
hsa-miR-584-5p	Serum	1.26792043493189	10.6424650161327	4.895189760319	1.94006964147908e-06	0.000216132524650775	4.69203799021403	0.729673687656881	77	119
hsa-miR-221-3p	Serum	0.844958690422273	10.4705766341105	3.9357609192007	0.000112338314703639	0.00165183992546983	0.927107671754219	0.677507366582997	77	119
hsa-miR-625-3p	Serum	0.546487433513311	9.27813619362191	2.03686417421125	0.0429027336238158	0.0847589028797894	-4.28747805557925	0.592818945760122	77	119
hsa-miR-148b-3p	Serum	1.10011144131179	11.122363193502	4.72341903977135	4.20983568486454e-06	0.000273037914418357	3.95743739010919	0.720288115246098	77	119
hsa-miR-30e-5p	Serum	0.561738554031664	11.0749660864962	3.02396820756732	0.00280173344391556	0.0133893366688175	-2.01642655225459	0.685037651424206	77	119
hsa-miR-409-3p	Serum	1.35243043854377	10.6188453967367	4.54352785564596	9.27012130941844e-06	0.000289280465965522	3.23106359265171	0.704354469060351	77	119
hsa-miR-99a-5p	Serum	-0.749925373226426	12.2503462077579	-3.36878068112014	0.000896309551594722	0.005498980221946	-1.02424926867039	0.387973371166648	77	119
hsa-miR-744-5p	Serum	0.691137660404144	11.0164122536819	3.4526912779037	0.000669590226379868	0.00467683019656093	-0.724237309902669	0.686674669867947	77	119
hsa-miR-99b-5p	Serum	-0.150227252168041	12.8740170447716	-0.79588078112287	0.426988832505717	0.516941146553588	-6.16600294801137	0.429226235948925	77	119
hsa-miR-140-3p	Serum	1.03667610498249	11.2397961207609	5.14228267278352	6.14631401817215e-07	0.000139521328212508	5.76151777989325	0.731965513478119	77	119
hsa-miR-484	Serum	0.770561555476359	8.87702973186473	2.81488069575475	0.00533777270931544	0.0194820445171752	-2.49330554462582	0.623376623376623	77	119
hsa-miR-192-5p	Serum	-0.132056316961131	11.3882102563576	-0.652856867466731	0.514553704068912	0.592912136160625	-6.18841190077629	0.467423332969551	77	119
hsa-let-7d-5p	Serum	0.9434079425228	10.4064727542338	4.23873699856876	3.35042246440599e-05	0.000724329428019201	2.04507976102828	0.698679471788715	77	119
hsa-miR-127-3p	Serum	0.902788511645801	10.8767889668625	3.42410166608455	0.000739997719121959	0.00485535690032239	-0.811737902946748	0.619556913674561	77	119
hsa-miR-27a-3p	Serum	0.255319204468854	10.4936541330664	1.25319873575202	0.211509511923226	0.291870268732962	-5.58699989249507	0.579177125395613	77	119
hsa-miR-28-3p	Serum	0.360609748015461	10.6279840850131	2.33596021365375	0.0204244035512793	0.0477973155272206	-3.73158402792114	0.655789588562698	77	119
hsa-miR-328-3p	Serum	0.119780496486402	8.6805767348545	0.447443453357758	0.655010327975394	0.728859531619679	-6.14319072249077	0.542507912255811	77	119
hsa-miR-30a-5p	Serum	-0.759013335394472	11.9247249137948	-3.7204010030651	0.000254559380214138	0.00312351239505996	0.13756210819565	0.366582996835098	77	119
hsa-miR-26b-5p	Serum	0.499745150629821	10.0784898191922	2.56922769645097	0.0108768384699892	0.0306713333253112	-3.16472080570616	0.637782385681545	77	119
hsa-miR-375	Serum	-0.177850702637903	10.0915701927564	-0.489196103912359	0.625207040896179	0.704327534905372	-6.20410190151893	0.517406962785114	77	119
hsa-miR-532-5p	Serum	-0.0701408302950918	11.0030828853523	-0.456414498014025	0.648557737623318	0.723452611501195	-6.27309181030679	0.446251227763833	77	119
hsa-let-7c-5p	Serum	-0.0277992607904727	11.026532423785	-0.16955037954766	0.865524924358838	0.907501883738828	-6.36204471009922	0.478336789261159	77	119
hsa-miR-16-2-3p	Serum	0.777021982052387	9.26679471253471	2.60487105692983	0.00983960425115855	0.0280954737737483	-3.04348664022866	0.631016042780749	77	119
hsa-miR-181a-5p	Serum	0.511650702748957	10.5753984642298	2.70846316622742	0.00730990590998757	0.0237049805938168	-2.84213440741721	0.632980464913238	77	119
hsa-miR-125a-5p	Serum	-0.373560240818589	12.0235403338303	-1.74181740306875	0.0829862946579567	0.13799362593403	-4.95599833648648	0.409254610935283	77	119
hsa-miR-223-5p	Serum	1.19320726712055	9.3290838201741	3.75931962823433	0.000220153427649872	0.0027763793375845	0.34495059379595	0.696496780530394	77	119
hsa-miR-185-5p	Serum	1.52918008605326	10.3910890033872	5.21992535264855	4.24739526793236e-07	0.000139521328212508	6.12009997613475	0.750627523736767	77	119
hsa-miR-199a-3p|hsa-miR-199b-3p	Serum	1.14099502219279	8.97759859874828	3.97622678117745	9.59558184995728e-05	0.00150220488271745	1.11352841585908	0.662337662337662	77	119
hsa-miR-126-5p	Serum	0.463166642968644	8.06337422327552	1.34051622839319	0.181507863571384	0.25671205626607	-5.34460910738287	0.571319436865655	77	119
hsa-miR-378a-3p	Serum	0.0188651459875183	11.4443098799131	0.0966749436232287	0.923075584996989	0.945996197717004	-6.39707940602896	0.542617046818727	77	119
hsa-miR-432-5p	Serum	1.31473833700726	9.26912352291816	4.3504072514549	2.1087787084467e-05	0.000503887122965684	2.49927237261154	0.69660591509331	77	119
hsa-let-7e-5p	Serum	0.56734923371865	10.6181177380259	2.83970643506624	0.00495368116462058	0.0185865392457665	-2.50165326403508	0.639637673251119	77	119
hsa-miR-134-5p	Serum	1.30134252363312	9.47845621144997	4.00581046430209	8.54449026744734e-05	0.00138885714049016	1.20611354472453	0.677725635708829	77	119
hsa-miR-20a-5p	Serum	0.958225226050196	8.9479196570071	3.4745678462863	0.00062000530689159	0.00452248424002142	-0.580580110082446	0.649787187602314	77	119
hsa-miR-199a-5p	Serum	1.19872887417177	8.87012336409373	4.31205472890573	2.47474820940675e-05	0.000561767843535333	2.36007066149783	0.6646294881589	77	119
hsa-miR-224-5p	Serum	0.569126835983924	9.5435396333668	2.25834335733518	0.0249391585709892	0.0552311121523371	-3.84977331154751	0.628615082396595	77	119
hsa-miR-103a-3p	Serum	1.0609783796845	9.68001625798605	4.64947024173463	5.83958652118957e-06	0.000277632207809435	3.68172195636792	0.726836189021063	77	119
hsa-miR-629-5p	Serum	0.7110984669304	9.77426599417756	3.01007765742972	0.00292752140092035	0.0136400598172043	-2.00058999205984	0.650332860416894	77	119
hsa-miR-320b	Serum	0.464061540340784	10.3436328150012	1.76387417276435	0.0791890348702642	0.133154895670741	-4.83693387150727	0.600785768852996	77	119
hsa-miR-92b-3p	Serum	0.51548365646869	9.06848556689893	2.66414319439794	0.00830992716304967	0.0248046258819778	-2.88557856171543	0.631125177343665	77	119
hsa-miR-100-5p	Serum	-0.726193875801911	11.8487421626521	-2.71661949790487	0.00713818581212066	0.0236550099175385	-2.86957948683343	0.376295972934628	77	119
hsa-miR-4433b-5p	Serum	0.889156970626713	7.80293355385134	2.76475217993003	0.0061970234002394	0.0214767070512114	-2.57882719998717	0.645421805085671	77	119
hsa-miR-340-5p	Serum	0.656924837558368	8.99875524769411	2.40228100787859	0.0171525541487751	0.0427871405689226	-3.50727205069599	0.650660264105642	77	119
hsa-miR-361-3p	Serum	0.0806601014169857	8.87591023512037	0.374045674065005	0.708743004389161	0.779703398107471	-6.18248983229024	0.499181490778129	77	119
hsa-miR-486-3p	Serum	1.12019039234392	8.97070899643631	3.9312507406686	0.000114320643179949	0.00165183992546983	0.954208190324499	0.680344865218815	77	119
hsa-miR-139-3p	Serum	0.969869044366987	8.55605375006476	3.18656722008712	0.0016563553016688	0.0091705525238736	-1.44740806856853	0.624140565317036	77	119
hsa-miR-30e-3p	Serum	0.140092956879081	9.71893652697367	0.683862036247808	0.494806777220357	0.583196712354072	-6.07372396691051	0.499945432718542	77	119
hsa-miR-150-5p	Serum	0.696612701419132	7.94679967029017	2.19199258474962	0.0294653402554456	0.0640060501242695	-3.91229213018563	0.581032412965186	77	119
hsa-miR-3615	Serum	0.406784818091653	8.71046142611048	1.77765612450944	0.0768894408647769	0.130253008032122	-4.7275841562141	0.613336243588344	77	119
hsa-miR-4433b-3p	Serum	1.07155840561533	8.11738095850357	3.2319055929482	0.00142516416551129	0.008119298480254	-1.29792753830584	0.623594892502455	77	119
hsa-miR-130b-5p	Serum	0.810411846166499	8.20712593885628	2.68107296119858	0.00791422376064127	0.024172449272461	-2.80770216086721	0.63625450180072	77	119
hsa-miR-1-3p	Serum	1.19103431679027	8.32156894327831	4.04096439888658	7.43779198146171e-05	0.00133645339278498	1.36267476326427	0.677616501145913	77	119
hsa-miR-543	Serum	1.14252511451662	8.55689158117937	4.03373165905549	7.65369784414304e-05	0.00133645339278498	1.33087466625833	0.656990068754775	77	119
hsa-miR-152-3p	Serum	0.461824945085713	9.15920896796488	2.81324545437938	0.00536399904107247	0.0194820445171752	-2.50702264511881	0.655571319436866	77	119
hsa-miR-30c-5p	Serum	-0.33815435818223	9.7649556440238	-1.30049951329116	0.194837393853087	0.272172851720928	-5.47851596481245	0.416894030339408	77	119
hsa-miR-93-5p	Serum	0.713162184990018	8.4152514465044	2.82953383036488	0.00510791587213788	0.0190081459504147	-2.43470611437859	0.611371821455855	77	119
hsa-miR-186-5p	Serum	0.361652557321365	8.6174458649697	1.56581939808273	0.118877717520827	0.182332715386674	-5.06056808344324	0.600458365164248	77	119
hsa-miR-206	Serum	0.375577782897078	6.78710884309711	0.932527507623366	0.352121498809476	0.445301282616998	-5.71162715322471	0.567063188911928	77	119
hsa-miR-98-5p	Serum	0.701825286277192	8.6713430139918	2.89261616440252	0.00421775889336639	0.017050734168505	-2.27723387365926	0.646949688966496	77	119
hsa-miR-7-5p	Serum	0.381574133289831	9.18162826435202	2.08506062327343	0.0382572950062896	0.078237891589439	-4.18624281657003	0.635272290734476	77	119
hsa-miR-106b-3p	Serum	0.659851439313241	8.96058702915826	3.1271451398841	0.00201207294319331	0.0105486325693075	-1.63405489812161	0.652297282549383	77	119
hsa-miR-382-5p	Serum	1.26408940641088	8.92702068539991	4.58841407176959	7.62903444130005e-06	0.000289280465965522	3.44554944792785	0.690166975881262	77	119
hsa-miR-125b-5p	Serum	-0.431695585871378	9.10345419848295	-2.11665384255243	0.0354516569957077	0.0731593285275059	-4.11219172879806	0.400414711339081	77	119
hsa-miR-17-5p	Serum	0.940610479363474	7.95547550441758	3.67468524320516	0.000301454203085488	0.00343999247534642	0.101218508619264	0.661464585834334	77	119
hsa-miR-4446-3p	Serum	0.8877206263504	7.88500413126589	2.89493875470477	0.00418786895513796	0.017050734168505	-2.24033797250755	0.639965076939867	77	119
hsa-miR-183-5p	Serum	0.0159822384597148	9.2268089176772	0.0798871127930953	0.936402165872368	0.954587147399473	-6.26745352686545	0.518716577540107	77	119
hsa-miR-379-5p	Serum	1.02435477972319	8.10345642362301	3.48476060768469	0.000598097042349817	0.00452248424002142	-0.520916264647352	0.642147768198188	77	119
hsa-miR-16-5p	Serum	0.964790016448252	8.09891140231875	3.62278087735803	0.000364540466672064	0.00376883096405753	-0.0746343196575028	0.657208337880607	77	119
hsa-miR-2110	Serum	0.877353825180048	8.28633353818169	3.29525525137815	0.00115199285244258	0.00697339673345242	-1.11296529833314	0.657972279821019	77	119
hsa-miR-320c	Serum	0.290606959593087	9.09622842969342	1.12456443632947	0.26204136988351	0.34785608750618	-5.65477502875279	0.579395394521445	77	119
hsa-miR-342-5p	Serum	-0.0453841163328855	8.79486432808035	-0.206080993546501	0.836924801344686	0.883636883280203	-6.22424529154514	0.498526683400633	77	119
hsa-miR-335-3p	Serum	0.287814260706937	7.39508303279593	0.946116273898444	0.345163058794165	0.437720750537852	-5.73516945622831	0.561933864454873	77	119
hsa-miR-181b-5p	Serum	0.460335874761738	7.86077451866592	1.83826425084657	0.0674182807548663	0.120979839773555	-4.57979841282207	0.584961257230165	77	119
hsa-miR-330-3p	Serum	0.633162395387637	7.54618131015142	2.17329378837503	0.0308629883087553	0.066722841391309	-3.9301101890895	0.624249699879952	77	119
hsa-miR-1301-3p	Serum	0.550735280707679	7.69089815613834	1.93059891630426	0.0548624594771237	0.100840310132041	-4.40642586941536	0.614754992906253	77	119
hsa-miR-485-5p	Serum	0.775768839082776	8.0854340356442	2.79416269245373	0.00567883279918228	0.0203007093766044	-2.51430152320178	0.608970861071701	77	119
hsa-miR-182-5p	Serum	0.421732894866314	9.43106767395398	2.21836345139003	0.0275875897898001	0.0605061148046823	-3.9267727668609	0.630252100840336	77	119
hsa-miR-363-3p	Serum	-0.18462737882952	8.54703368695431	-0.8885097668986	0.375270486378226	0.469346558720977	-5.84632844935043	0.435556040598057	77	119
hsa-miR-139-5p	Serum	0.565242447335946	7.60757842688246	2.00773538879678	0.0459368138662205	0.0884189603791245	-4.259161835559	0.599803557786751	77	119
hsa-miR-941	Serum	-0.0608926247797108	8.1326564388233	-0.25655835017001	0.797767760788268	0.856131188529668	-6.17278699070438	0.49470697369857	77	119
hsa-miR-29a-3p	Serum	-0.168305012123218	8.17804618725851	-0.816415577252112	0.415176073204807	0.508059130013429	-5.88486325240015	0.450616610280476	77	119
hsa-miR-144-3p	Serum	0.842143174840019	7.92277046938243	2.75169936900003	0.00644045062209077	0.0220329536574685	-2.61690899365834	0.63014296627742	77	119
hsa-miR-493-5p	Serum	0.434719538234812	6.82339459428786	1.3244624501392	0.186771120725795	0.262520398791055	-5.29319360389017	0.587907890428899	77	119
hsa-miR-197-3p	Serum	0.213150868037476	6.23008482576253	0.655451887183018	0.512885282655735	0.592493430854208	-5.88286496334426	0.53726945323584	77	119
hsa-miR-142-5p	Serum	0.46518642993334	7.32104405659168	1.52300801692725	0.129242332251093	0.193013219874987	-5.05298061166853	0.573283858998145	77	119
hsa-miR-193a-5p	Serum	0.676891093732516	7.9034283322888	1.86012392735191	0.0642487307957348	0.116210851718182	-4.54430967287784	0.588344428680563	77	119
hsa-miR-664a-5p	Serum	0.31569349014817	7.19485218296684	1.0920046775582	0.2760666380508	0.362237727384575	-5.57968000337119	0.557350212812398	77	119
hsa-miR-181a-2-3p	Serum	0.247383845878955	8.0009301199597	1.08810457231648	0.277780578124992	0.363436260716848	-5.63137161902564	0.555822328931573	77	119
hsa-miR-654-3p	Serum	0.511291172044243	6.79063580990015	1.78775218290539	0.0752398789239481	0.12938979178588	-4.60878323037328	0.587907890428899	77	119
hsa-miR-1273h-3p	Serum	0.132119449897162	6.47398546051204	0.382899705945744	0.702176577444644	0.775640306958317	-6.03318334601415	0.545781949143294	77	119
hsa-miR-671-3p	Serum	0.754960760318464	7.72376924505558	2.84227352957696	0.00491543564440499	0.0185865392457665	-2.37299772552934	0.632107388409909	77	119
hsa-miR-425-5p	Serum	0.657410383820617	7.71506815312023	2.60622595602645	0.00980198870797655	0.0280954737737483	-2.96970090236071	0.613554512714177	77	119
hsa-miR-654-5p	Serum	0.567408489771038	7.38637698966937	1.93298100751132	0.0545664634107558	0.100703960928793	-4.38654402946521	0.586816544799738	77	119
hsa-miR-223-3p	Serum	0.298854746167736	6.2008724526571	0.853172530603282	0.394523558020472	0.48622949621386	-5.74079138598205	0.567827130852341	77	119
hsa-miR-155-5p	Serum	-0.145339091351889	7.47823336766472	-0.52357537966026	0.601119087702999	0.680568742686188	-6.03125393823416	0.482920440903634	77	119
hsa-miR-323b-3p	Serum	0.60355418463321	6.55869113161263	1.82464113809556	0.0694583288705612	0.122450527223135	-4.53507856002609	0.606351631561716	77	119
hsa-miR-485-3p	Serum	0.730555368574593	6.44732068928889	2.37008198793309	0.0186782765635586	0.0455910621497613	-3.46043023384263	0.622830950562043	77	119
hsa-miR-6852-5p	Serum	0.207788343579708	6.17184676394979	0.657196347230345	0.511765310902772	0.592493430854208	-5.87896462508847	0.564553093964859	77	119
hsa-miR-501-3p	Serum	0.0740017949627598	7.04540968518574	0.230083502255116	0.818248052336422	0.872951306384454	-6.11263177087519	0.512605042016807	77	119
hsa-miR-370-3p	Serum	0.573060546153654	8.36037594296358	2.01524029839365	0.045138188425233	0.0875758014745975	-4.28310121179589	0.568591072792753	77	119
hsa-miR-23a-3p	Serum	0.71263207961693	7.107798705031	2.81974385188846	0.00526046408777945	0.019416672323999	-2.40716766050821	0.623485757939539	77	119
hsa-miR-150-3p	Serum	0.661683404582234	6.73057765488754	2.0361053024255	0.0429795589758194	0.0847589028797894	-4.16051462062109	0.586380006548074	77	119
hsa-let-7a-3p	Serum	-0.235287650746992	6.16523542078196	-0.682282092879066	0.495803072115153	0.583196712354072	-5.85649127216838	0.518170904725527	77	119
hsa-miR-424-3p	Serum	-0.0212638407517039	7.36276168334168	-0.0755239482801525	0.93986884336468	0.954587147399473	-6.15508825601697	0.512277638328059	77	119
hsa-miR-140-5p	Serum	-0.186241585449211	6.73418000126332	-0.607693531910826	0.544039139930858	0.62215055296879	-5.93913735420169	0.508239659500164	77	119
hsa-miR-142-3p	Serum	0.729326987384714	7.15298825489034	2.29289981057926	0.0228314638100758	0.0515695749740021	-3.66199906165965	0.627305467641602	77	119
hsa-miR-433-3p	Serum	0.50964945135132	6.84244786380423	1.71773997857478	0.087299707493702	0.14324777607119	-4.72814681012371	0.590417985375969	77	119
hsa-miR-769-5p	Serum	0.042722575168866	6.92753019837397	0.151241637149072	0.879928477496723	0.918362135134511	-6.11881671700483	0.509003601440576	77	119
hsa-miR-493-3p	Serum	0.472764473251821	6.72876829351079	1.68007960915446	0.0944101887480411	0.15145662788555	-4.78259419378853	0.59620211721052	77	119
hsa-miR-877-5p	Serum	0.306534819493991	5.42609455376719	0.859190244877022	0.391203020790727	0.485262763494508	-5.68739352037927	0.539233875368329	77	119
hsa-miR-340-3p	Serum	0.0305758595019409	5.83939284181821	0.0848839116031068	0.932433540019092	0.953434295424928	-6.05722017540949	0.522754556368002	77	119
hsa-miR-30a-3p	Serum	-1.42414213932698	9.00773325284644	-4.49410525841572	1.14692695757255e-05	0.000289280465965522	3.07583880075613	0.306777256357088	77	119
hsa-miR-6842-3p	Serum	0.543457841626533	5.999999120811	1.70573568962555	0.0895173488771124	0.145627236431197	-4.70171000538596	0.585397795481829	77	119
hsa-miR-215-5p	Serum	-0.0214614624686041	6.92983556883968	-0.0632981309582704	0.949588560119893	0.960163042972008	-6.12867202136145	0.52057186510968	77	119
hsa-miR-323a-3p	Serum	0.00666155815739058	6.14972656846962	0.0203014293945804	0.983821950640142	0.988175145112001	-6.081370677863	0.526355996944232	77	119
hsa-miR-338-5p	Serum	0.337653776592107	6.12712051671741	1.11861840116268	0.264564949787489	0.350182178435919	-5.48882450459844	0.565317035905271	77	119
hsa-miR-221-5p	Serum	-0.0367275766342146	5.60503933701165	-0.102365817859572	0.918562773841096	0.943501129691985	-6.04041687399231	0.524937247626323	77	119
hsa-miR-1180-3p	Serum	-0.796956120110222	6.0451941527769	-2.30984934962114	0.0218558612970319	0.0497341884632617	-3.55537165854843	0.403252209974899	77	119
hsa-miR-185-3p	Serum	-0.281424662610153	5.26110093260785	-0.763740236966713	0.445868559564624	0.535514090059098	-5.74470795915855	0.485648804976536	77	119
hsa-miR-107	Serum	0.215592775193569	6.22520710567917	0.804645113026747	0.421923146658291	0.513674513521983	-5.77983950090665	0.571646840554404	77	119
hsa-miR-1908-5p	Serum	0.52239078108609	6.3826910432207	1.65866855230609	0.0986567553219165	0.156608975231294	-4.79637568160134	0.592928080323038	77	119
hsa-miR-766-5p	Serum	0.00776752983848926	4.77790109081666	0.0203635382448573	0.9837724634486	0.988175145112001	-5.99569287638715	0.530939648586707	77	119
hsa-miR-193b-5p	Serum	-0.641992300234428	6.67019118070538	-1.65983404677345	0.098421709779279	0.156608975231294	-4.79808174660081	0.450725744843392	77	119
hsa-miR-4326	Serum	-0.797840739598154	4.30142834363204	-2.04078495468466	0.0425076682214134	0.0847589028797894	-4.02227647640409	0.386008949034159	77	119
hsa-miR-22-5p	Serum	-0.0422329871939755	5.72440298584344	-0.12734815508634	0.898785183926759	0.925766502465188	-6.04406649948288	0.489250245552767	77	119
hsa-miR-144-5p	Serum	0.543241934712579	6.40018160566143	1.70414741756676	0.08981415462717	0.145627236431197	-4.72587368900726	0.608316053694205	77	119
hsa-miR-99b-3p	Serum	-0.747822474431938	6.6499626141873	-2.34063197512303	0.0201771598565928	0.0474633708543686	-3.51849276132789	0.393320964749536	77	119
hsa-miR-628-3p	Serum	-0.231411537998011	5.06561394818118	-0.670206317738347	0.503453407666511	0.588272143651401	-5.79650066570084	0.480192076830732	77	119
hsa-miR-511-5p	Serum	-0.235635182742796	4.59848676785593	-0.570915322657229	0.568659847400705	0.648672288241005	-5.83012910391376	0.493506493506494	77	119
hsa-miR-483-5p	Serum	-0.0517358995241386	6.59802910956562	-0.138654471457601	0.889854406486605	0.920583768814622	-6.09972078268094	0.510204081632653	77	119
hsa-miR-574-3p	Serum	-0.618705770709504	4.05689472456063	-1.51720672593023	0.130699625020173	0.193913822742349	-4.87259159480333	0.41853104878315	77	119
hsa-miR-19b-3p	Serum	0.670135402499843	6.75256524501437	2.51822334462239	0.0125313374649603	0.0335333943793985	-3.13722829599558	0.639092000436538	77	119
hsa-miR-4732-5p	Serum	0.25890185604505	5.47642223905036	0.680180097232627	0.497130237182877	0.583196712354072	-5.82203910499867	0.549383389719524	77	119
hsa-miR-495-3p	Serum	-0.399577649394317	4.88586898173342	-1.09254907010283	0.275827978254362	0.362237727384575	-5.43656735520264	0.48804976536069	77	119
hsa-miR-1246	Serum	0.622888793834661	6.93280164406636	2.36139208538442	0.0191100103266358	0.0461486419590034	-3.50084926423752	0.631998253846993	77	119
hsa-miR-320d	Serum	0.258392259066071	7.1245544523294	0.8953983282057	0.371586560167438	0.466022923524908	-5.76235671867168	0.551893484666594	77	119
hsa-miR-3177-3p	Serum	-0.380770305509337	4.83334770303035	-0.994173647980341	0.321268195003433	0.412021922405532	-5.52937623989366	0.462948815889992	77	119
hsa-miR-499a-5p	Serum	-0.456452743317067	4.06005484136598	-1.03980045486345	0.299613364308744	0.388641335417628	-5.44229035494982	0.432063734584743	77	119
hsa-miR-589-5p	Serum	0.124182015204588	5.21280369498531	0.388842385791795	0.697781787000777	0.772665686093543	-5.95196016784312	0.561715595329041	77	119
hsa-miR-145-3p	Serum	0.222674711421726	5.95862312724025	0.657670979503823	0.511460811838936	0.592493430854208	-5.86592496674183	0.559642038633635	77	119
hsa-miR-4732-3p	Serum	-0.00483735844932132	5.00454728571334	-0.0131231391011469	0.989541853551294	0.991726272654056	-6.00873861045943	0.516752155407618	77	119
hsa-miR-200a-3p	Serum	-1.57649902761922	6.5752596861583	-3.49147495766442	0.000584063976148293	0.00452248424002142	-0.439057008710255	0.360362326748881	77	119
hsa-miR-652-3p	Serum	0.236582128742244	5.68599659571758	0.698100034267891	0.485877264180785	0.575948506365735	-5.8220313267986	0.545781949143294	77	119
hsa-let-7b-3p	Serum	-0.305863415514676	5.16067472853667	-0.851958840733571	0.395195339433732	0.48622949621386	-5.67105749852677	0.466659391029139	77	119
hsa-miR-760	Serum	0.492529208761605	5.87701604706306	1.44425512377228	0.15013891232723	0.218032081414559	-5.08041794097596	0.577649241514788	77	119
hsa-miR-505-5p	Serum	0.731301060025124	4.60663677320366	1.91348017560528	0.0570295170422419	0.104400809424104	-4.28282045581089	0.588126159554731	77	119
hsa-miR-95-3p	Serum	-0.631485126471126	5.66274487379111	-1.82577942981186	0.0692859385752184	0.122450527223135	-4.46980787520792	0.416784895776492	77	119
hsa-miR-425-3p	Serum	-0.293019019066619	5.0786775015972	-0.803223763046006	0.422742252177011	0.513674513521983	-5.70550389946011	0.491323802248172	77	119
hsa-miR-505-3p	Serum	-0.254357402803799	4.49629762272713	-0.669271640110118	0.504048158326861	0.588272143651401	-5.76568348878964	0.486303612354033	77	119
hsa-miR-874-3p	Serum	-1.15748168355731	3.36909913137842	-2.52272880298525	0.0123766378882988	0.0334463904838551	-2.98564010544038	0.356760886172651	77	119
hsa-miR-574-5p	Serum	0.0616849749163046	6.65345635325112	0.218899252179613	0.826938469625987	0.877173049556538	-6.09004809595214	0.512386772890975	77	119
hsa-miR-200c-3p	Serum	-1.17051406967659	7.22789223868107	-3.0943479787184	0.00223743814283138	0.0112866324093939	-1.64677693659675	0.363199825384699	77	119
hsa-miR-326	Serum	-0.42983724377671	4.11060141817869	-1.06690817871991	0.287223013093823	0.37363681359483	-5.42012525366702	0.45716468405544	77	119
hsa-miR-942-5p	Serum	-0.148548944907648	5.20238785028071	-0.439704291255657	0.660597809622822	0.73327972021702	-5.92789145244092	0.5200261922951	77	119
hsa-miR-361-5p	Serum	-0.0650602343729843	4.90904911155692	-0.179759312207313	0.85751269422005	0.903273232426689	-5.98706383123175	0.500818509221871	77	119
hsa-miR-454-5p	Serum	-0.843495055584104	3.8344496690569	-2.07971759792086	0.0387501074986533	0.0788903533829086	-3.93053394149124	0.394412310378697	77	119
hsa-miR-1468-5p	Serum	-0.395566081109664	5.10674786793266	-0.998575411459081	0.319135292945161	0.410445957498876	-5.53928252274235	0.463057950452908	77	119
hsa-miR-516b-5p	Serum	-1.01719351947654	8.22742848763243	-1.8480121045118	0.0659892298661492	0.11888535856838	-4.57187982799869	0.462075739386664	77	119
hsa-miR-374b-5p	Serum	-0.414194091785049	4.39553201198846	-1.03229782794561	0.303105173897617	0.392050566807744	-5.46948938702217	0.4677507366583	77	119
hsa-miR-339-5p	Serum	0.608717926738647	5.79338170511142	1.77564304941276	0.0772218749461664	0.130329855857099	-4.57611845887124	0.579722798210193	77	119
hsa-miR-181a-3p	Serum	-0.000838539095551053	4.84221991907533	-0.00221802375032373	0.998232353794785	0.998232353794785	-5.99891385541642	0.516097348030121	77	119
hsa-miR-20b-5p	Serum	0.263620130555445	5.12760186295168	0.802500913140563	0.423159180742779	0.513674513521983	-5.71479487587943	0.547746371275783	77	119
hsa-miR-106b-5p	Serum	-0.0532346325855329	5.17189796910532	-0.160586316520972	0.872571673604462	0.912782349807433	-6.0057832787314	0.52362763287133	77	119
hsa-miR-1273h-5p	Serum	-0.54756460619478	4.3153734247337	-1.33710782086854	0.182615943778376	0.257477138122307	-5.12535740275824	0.44548728582342	77	119
hsa-miR-15b-3p	Serum	-0.489020270363999	4.30895507668458	-1.28298821669031	0.200892700488915	0.279770816018305	-5.19279312861082	0.463821892393321	77	119
hsa-miR-576-3p	Serum	0.415174301458916	5.56002269736992	1.16402110371429	0.245719727306259	0.328108106461887	-5.40645267289037	0.566517516097348	77	119
hsa-miR-6747-3p	Serum	-0.872956322733816	4.28993416388625	-2.33017655266592	0.0207341760221087	0.0480271220103946	-3.44245010142109	0.411219033067773	77	119
hsa-miR-6852-3p	Serum	-0.884814510539786	3.72916989460982	-2.16541673402171	0.0314687064338588	0.0673905317026975	-3.75982115299204	0.394957983193277	77	119
hsa-miR-106a-5p	Serum	0.331742832832703	4.6741408399953	1.10866138160339	0.268828527639524	0.35479113822193	-5.41597853059749	0.574593473753138	77	119
hsa-miR-1307-5p	Serum	-0.455404489929445	4.33441941011101	-1.25013226042266	0.212625154053369	0.292520666485543	-5.23211761996811	0.433373349339736	77	119
hsa-miR-26b-3p	Serum	-0.611941980802711	4.26477161395965	-1.53882878792095	0.125332692337385	0.189058020617431	-4.85387987880902	0.456509876677944	77	119
hsa-miR-1299	Serum	-1.0151490611941	4.3991929887299	-2.42040234489778	0.0163432249141736	0.0412212450613045	-3.24786205183634	0.368765688093419	77	119
hsa-miR-651-5p	Serum	-0.636013220860203	3.93098865260978	-1.59726956519453	0.111690466818955	0.173655725807553	-4.75280413915975	0.429881043326421	77	119
hsa-miR-199b-5p	Serum	-0.627228325184705	3.81284704834244	-1.65407275607177	0.09958799260711	0.157536406423791	-4.66371865812219	0.426279602750191	77	119
hsa-miR-181d-5p	Serum	-0.154828406461484	5.56085582443736	-0.477600031766324	0.633425423221192	0.710062079364003	-5.93284635299646	0.521444941613009	77	119
hsa-miR-30b-5p	Serum	-1.22973753449256	3.95157581530943	-3.00203213305445	0.00300273204894238	0.0136400598172043	-1.80945970475599	0.343555604059806	77	119
hsa-miR-342-3p	Serum	-0.421956522393669	4.42151439566198	-1.06895560600894	0.286301531820318	0.373508320248345	-5.43393943475659	0.461202662883335	77	119
hsa-miR-3605-3p	Serum	-0.527298650842483	5.31040729122144	-1.50840205631398	0.132935856784278	0.195950905779423	-4.94996835571527	0.453672378042126	77	119
hsa-miR-2355-3p	Serum	-0.906837617702096	3.35114764367512	-2.1242499485696	0.0348040722335557	0.0723354788489417	-3.82752902909991	0.380770490014188	77	119
hsa-miR-5010-5p	Serum	0.493262401599552	3.86897326474512	1.18664421022687	0.236691951457783	0.317923508762821	-5.29149295666449	0.539561279057077	77	119
hsa-miR-92b-5p	Serum	-0.188634831030265	5.39920232652845	-0.517489987879464	0.605352022196356	0.683656263873496	-5.90321193631387	0.480192076830732	77	119
hsa-miR-25-5p	Serum	-0.19275515293187	5.17905890762794	-0.551886845799435	0.581605370088044	0.66012209504993	-5.87168601680446	0.47691803994325	77	119
hsa-miR-873-5p	Serum	-0.645526583089767	3.34888920355581	-1.53262347044995	0.126854944411706	0.190073085026121	-4.82113830059419	0.420822874604387	77	119
hsa-miR-330-5p	Serum	-0.769728279688587	3.4856737621416	-1.90658597440474	0.0579222843686653	0.10560930563604	-4.2354435965541	0.417112299465241	77	119
hsa-miR-374a-3p	Serum	-0.0861679237771791	4.71174384228125	-0.226663011988271	0.820903517670618	0.872951306384454	-5.96593166569568	0.504201680672269	77	119
hsa-miR-130a-3p	Serum	-0.522182433530811	4.5944800811545	-1.44191455982889	0.150797518863814	0.218032081414559	-5.00560753121277	0.467532467532468	77	119
hsa-miR-503-5p	Serum	-0.0777765625987963	5.58462335114957	-0.226492818493181	0.821035700057625	0.872951306384454	-6.02039156960123	0.515551675215541	77	119
hsa-miR-148a-5p	Serum	-0.248535402227168	5.11664683566537	-0.680949881137103	0.496643987352406	0.583196712354072	-5.79245272804447	0.48248390265197	77	119
hsa-miR-6772-3p	Serum	-0.591611951403268	3.31402828133289	-1.38752741434014	0.166733239337984	0.23804053666492	-5.01447659346297	0.414165666266507	77	119
hsa-miR-660-5p	Serum	-0.111706983239408	5.01714891379952	-0.311211653390643	0.75594457886671	0.821049853601642	-5.9614259089401	0.489686783804431	77	119
hsa-miR-3173-5p	Serum	-0.91014719266029	3.51325468223407	-2.06820352033074	0.0398305966922857	0.0807280843674004	-3.94016668580175	0.398559423769508	77	119
hsa-miR-15a-5p	Serum	-0.387505731254767	3.95143663783563	-1.00248197448519	0.317250178656297	0.409180628153293	-5.47459653210034	0.464585834333734	77	119
hsa-miR-27b-5p	Serum	-1.04401108498655	4.00999778696212	-2.64914200642452	0.00867535408334869	0.0254690460963458	-2.70928217218136	0.36483684382844	77	119
hsa-miR-6741-5p	Serum	-0.0278962085147164	4.48079462731402	-0.0700707716966256	0.944203177369903	0.95684875563825	-5.97415523043101	0.482702171777802	77	119
hsa-miR-411-5p	Serum	-0.0935921481189069	5.27097454209323	-0.259435570626116	0.795550162047066	0.856131188529668	-5.99304347977711	0.527447342573393	77	119
hsa-miR-6741-3p	Serum	-0.145467919852657	3.94394376932914	-0.338304681616896	0.735467353904382	0.802649467962955	-5.89347501888074	0.489905052930263	77	119
hsa-miR-504-5p	Serum	-0.774889997070498	3.82569780359616	-1.78819747297906	0.0751677996251523	0.12938979178588	-4.4479184779708	0.410891629379024	77	119
hsa-miR-369-3p	Serum	-1.25103483708022	2.8745572920936	-2.90696718277951	0.00403614579585114	0.017050734168505	-2.04128519539724	0.334715704463604	77	119
hsa-miR-431-5p	Serum	-1.18520509161323	3.11167426207895	-2.86916938245272	0.00453059991338408	0.0175802765869776	-2.14310273854269	0.360034923060133	77	119
hsa-miR-3120-3p	Serum	-0.742461820192307	3.85057982761116	-1.80876149677996	0.0719004501916315	0.12554924764231	-4.4155685157561	0.415147877332751	77	119
hsa-miR-1226-3p	Serum	-0.918526359042325	2.62307714434128	-2.03465974431169	0.0431262259146065	0.0847589028797894	-3.9736171971179	0.372476263232566	77	119
hsa-miR-195-3p	Serum	-0.850684355733136	4.76207628094136	-2.12801113562266	0.0344872059868218	0.0721529563042262	-3.87554961801425	0.437083924478882	77	119
hsa-miR-129-5p	Serum	-0.765903884158064	4.00693027385916	-1.69103368761893	0.0922953612587539	0.148588985856292	-4.6115784491996	0.418421914220234	77	119
hsa-miR-136-3p	Serum	-0.0997615547346435	4.70281019427504	-0.277591210625159	0.781595851920425	0.844867897075888	-5.9536067553334	0.508130524937248	77	119
hsa-miR-6843-3p	Serum	-0.679512080670627	3.0255332683873	-1.53524745699284	0.126209484207697	0.189732138510909	-4.80288224492265	0.404561824729892	77	119
hsa-miR-219a-1-3p	Serum	-0.539006090926139	3.42408006966885	-1.20746423950912	0.228594637610937	0.309028601333825	-5.23516723670002	0.409145476372367	77	119
hsa-miR-889-3p	Serum	-0.137112067652342	5.17973687582596	-0.369690208170075	0.711981207308491	0.780771662120906	-5.95392442833973	0.519917057732184	77	119
hsa-miR-548ap-5p|hsa-miR-548j-5p	Serum	-0.918642952724017	3.25878029710002	-2.14853302551787	0.0328016836552586	0.0699153257252929	-3.77667911804706	0.37596856924588	77	119
hsa-miR-381-3p	Serum	0.93333283015354	6.59209346582466	3.00185386338363	0.00300441846193927	0.0136400598172043	-1.90150141337394	0.632871330350322	77	119
hsa-miR-302b-3p	Serum	-0.944968818091139	5.18992381241605	-2.34345713234161	0.0200289235316213	0.0473600587674794	-3.44689783819082	0.367565207901342	77	119
hsa-miR-23b-3p	Serum	-0.464825166118187	6.33849567654277	-1.47035308589371	0.142944150155808	0.20934401345399	-5.05841596278787	0.43129979264433	77	119
hsa-miR-181c-3p	Serum	-0.646885244086438	3.30718141570671	-1.54370297943967	0.124147068586329	0.188504244609343	-4.80300612293788	0.410127687438612	77	119
hsa-miR-5189-5p	Serum	-0.354746540756032	3.76042458625063	-0.854643047345628	0.393710554795092	0.48622949621386	-5.59436105208809	0.461093528320419	77	119
hsa-miR-548e-3p	Serum	-1.07505939549453	4.29223076797974	-2.92129410774008	0.00386199519641029	0.0165409982940592	-2.03397698773912	0.399214231147004	77	119
hsa-miR-21-3p	Serum	0.393850059292528	5.28377684691923	1.12786420075986	0.260648153017438	0.347021294633187	-5.43035866229246	0.566626650660264	77	119
hsa-miR-450b-5p	Serum	-1.11253555736776	4.42578757118147	-2.84609296747269	0.00485902988739129	0.0185378115031567	-2.23263275342878	0.40794499618029	77	119
hsa-miR-210-3p	Serum	-0.973327691931285	4.80744257123032	-2.3617461720139	0.0190922482756498	0.0461486419590034	-3.3914412011983	0.393866637564117	77	119
hsa-miR-1285-3p	Serum	0.0525440623881723	4.13016741000742	0.142438865730955	0.886868224487218	0.920583768814622	-5.9498748440256	0.51195023463931	77	119
hsa-miR-4665-5p	Serum	0.109447110010145	4.29706154644848	0.254236329556717	0.799558643032112	0.856131188529668	-5.93933489414206	0.533558878096693	77	119
hsa-miR-191-3p	Serum	-0.529025958493266	4.17901549810731	-1.39347142306421	0.164931924604909	0.236393825646316	-5.04834652887362	0.450180072028812	77	119
hsa-miR-1284	Serum	-0.842626385743107	2.94841533047801	-1.96936992407776	0.0502090754361855	0.0938062561647252	-4.10334063048325	0.382407508457929	77	119
hsa-miR-1304-3p	Serum	-1.21920498672481	2.64983543245863	-2.67976901506986	0.00794408592656112	0.024172449272461	-2.60297821081678	0.333296955145695	77	119
hsa-miR-9-5p	Serum	-1.53735700503135	4.8888509281675	-3.52912883335468	0.000510918743564712	0.00429550202922924	-0.290686182018112	0.334060897086107	77	119
hsa-miR-200b-3p	Serum	-1.68532830760237	6.33606771615672	-3.44289299063331	0.000692981937291302	0.00476687575045835	-0.582233954919072	0.363854632762196	77	119
hsa-miR-450a-5p	Serum	-1.01610299065344	4.02190305624966	-2.56079916717365	0.0111359884385814	0.0308276753116827	-2.91860637270593	0.384481065153334	77	119
hsa-miR-6866-5p	Serum	-0.883572656242429	2.65035408034921	-1.98177782447814	0.0487920830573374	0.0915355607769884	-4.07089179811396	0.371603186729237	77	119
hsa-miR-1343-3p	Serum	-0.521912329550654	2.85378632774153	-1.19674672802421	0.232737732738112	0.313539853599712	-5.22397458788406	0.412528647822765	77	119
hsa-miR-766-3p	Serum	-1.20230415174548	2.71817047623122	-2.68128536856882	0.00790936894000844	0.024172449272461	-2.60077946883969	0.344319546000218	77	119
hsa-miR-421	Serum	-0.129648839718013	4.27588441867826	-0.352491709520634	0.724818630372591	0.792934116118449	-5.90726694769196	0.496562261268144	77	119
hsa-miR-19a-3p	Serum	-0.0241823166414801	5.49966008770627	-0.0761630897957586	0.939360951107554	0.954587147399473	-6.03653524374116	0.520790134235512	77	119
hsa-miR-194-5p	Serum	-0.522510011968726	5.96841233692084	-1.61535937287908	0.10771550978948	0.168630487739393	-4.82700699214205	0.432172869147659	77	119
hsa-miR-1976	Serum	-0.108095861573821	3.71423164252943	-0.25843218380259	0.796323327986304	0.856131188529668	-5.90485590418237	0.492742551566081	77	119
hsa-miR-18a-3p	Serum	-1.02251937712006	3.17596607106601	-2.45522119016195	0.0148824751453585	0.0381731283389421	-3.13419587302502	0.37345847429881	77	119
hsa-miR-518e-5p|hsa-miR-519a-5p|hsa-miR-519b-5p|hsa-miR-519c-5p|hsa-miR-522-5p|hsa-miR-523-5p	Serum	-1.48404307720932	5.63210086923463	-2.68439888678114	0.00783851343131037	0.024172449272461	-2.67722734654358	0.407181054239878	77	119
hsa-miR-5010-3p	Serum	-1.11933082771411	2.68251035510945	-2.52483130218387	0.012305031116369	0.0334463904838551	-2.96552508608447	0.354578194914329	77	119
hsa-miR-329-3p	Serum	-1.30421341910345	2.72078350113565	-3.02891425875372	0.00275815733398705	0.0133893366688175	-1.71792700206585	0.333733493397359	77	119
hsa-miR-641	Serum	-1.38028549564582	3.09122595527385	-3.19630790492905	0.00160393462537504	0.00898995456691689	-1.2611084239709	0.333187820582779	77	119
hsa-miR-33a-5p	Serum	-1.06086787096108	2.64423500795208	-2.4965893731085	0.0132984342435091	0.0351016810846111	-3.02856440766947	0.350649350649351	77	119
hsa-miR-27a-5p	Serum	0.25675444857389	6.07906094531178	0.735705679385925	0.462720495385566	0.552829223434334	-5.82092518522038	0.538906471679581	77	119
hsa-miR-331-3p	Serum	-1.05443270174935	2.73633744774078	-2.39776597106454	0.0173596332357583	0.0430670682460888	-3.24753871069633	0.349994543271854	77	119
hsa-miR-345-5p	Serum	-0.367426251410006	5.02785716507093	-0.990181467643935	0.323210720574813	0.413345541242155	-5.54235072655379	0.46022045181709	77	119
hsa-miR-3198	Serum	-0.876069463252552	2.74993091424997	-1.90181685085676	0.0585466844033165	0.106320778876423	-4.21523836852787	0.382516643020845	77	119
hsa-miR-30c-2-3p	Serum	-2.28315265209866	4.42294142236026	-4.65180476332002	5.77990736241233e-06	0.000277632207809435	3.67693544883746	0.281130634071811	77	119
hsa-miR-302a-5p	Serum	-0.299536361272482	5.41724983605803	-0.825968347514145	0.409747722359495	0.502771529597866	-5.70697753574307	0.457601222307105	77	119
hsa-miR-7976	Serum	-1.24080545864945	2.70565929692461	-2.90002691262746	0.00412306350563286	0.017050734168505	-2.0564884478515	0.328058496125723	77	119
hsa-miR-151a-5p|hsa-miR-151b	Serum	-0.346452951912021	4.34048171687331	-0.926173001584375	0.355405948345131	0.446964821464514	-5.56439446647107	0.474735348684929	77	119
hsa-miR-5189-3p	Serum	-0.661295174650647	2.94488870379561	-1.50383262164518	0.134108112928488	0.197039104432147	-4.84344378064687	0.397249809014515	77	119
hsa-miR-335-5p	Serum	0.0787227605360382	4.74698565104107	0.209516082478295	0.834245955718826	0.882861687404072	-5.97431136575167	0.53475935828877	77	119
hsa-miR-339-3p	Serum	-0.192905620866033	5.85842972527007	-0.568686924360248	0.570168686201509	0.648763367256855	-5.90457590237464	0.473207464804103	77	119
hsa-miR-939-5p	Serum	-0.997394774494067	2.67581217312654	-2.14446764767131	0.0331298267844458	0.070284772710927	-3.76647738383805	0.371275783040489	77	119
hsa-miR-28-5p	Serum	0.157956462988647	5.57947889483724	0.483533795523117	0.629214262479248	0.707087314766284	-5.93551017955897	0.551784350103678	77	119
hsa-miR-331-5p	Serum	-1.16599170536823	2.61653903113398	-2.56110601996621	0.0111264576716232	0.0308276753116827	-2.88104474530382	0.345410891629379	77	119
hsa-miR-18a-5p	Serum	-0.578559957822995	3.74981368334695	-1.44204572500215	0.150760552004981	0.218032081414559	-4.96404105177643	0.428571428571429	77	119
hsa-miR-29c-3p	Serum	-0.838408046512751	3.19089731797608	-1.98260574677137	0.0486987490483392	0.0915355607769884	-4.08791014605169	0.389392120484557	77	119
hsa-miR-15b-5p	Serum	-0.667992831523617	4.26095081372123	-1.73976689230832	0.0833467320876664	0.13799362593403	-4.54765778354414	0.434137291280148	77	119
hsa-miR-125a-3p	Serum	-0.868072659412513	5.21911389617487	-2.33354183664396	0.0205534336697105	0.0478526096720438	-3.47019858147422	0.403907017352395	77	119
hsa-miR-1294	Serum	-0.659425063259093	3.97206023836159	-1.59924116566132	0.111251657958617	0.173567878739561	-4.75134619880009	0.425952199061443	77	119
hsa-miR-885-5p	Serum	-0.91309108009506	3.25940944537902	-1.95909746443771	0.0514083365598666	0.09526279509461	-4.13183444695551	0.38961038961039	77	119
hsa-miR-7706	Serum	-0.309289421403477	5.64220681319361	-0.954151346620411	0.341090347023169	0.433767556158316	-5.61197007204216	0.467095929280803	77	119
hsa-miR-3120-5p	Serum	-0.949247560899481	3.34011428887541	-2.26370568332598	0.0246013640767905	0.0547500945630533	-3.54747120596698	0.365273382080105	77	119
hsa-mir-378c	Serum	-0.444982372411609	4.99938733381145	-1.39305007535445	0.165059124955688	0.236393825646316	-5.090685028311	0.440139692240533	77	119
hsa-miR-148b-5p	Serum	-0.899919344740517	3.37943414748254	-2.20426546695162	0.0285780948655406	0.0623771878315166	-3.67029978885366	0.381970970206264	77	119
hsa-miR-455-5p	Serum	-1.71633691112546	3.89562939725908	-3.47751123589377	0.000613602786485795	0.00452248424002142	-0.440272110844439	0.328604168940303	77	119
hsa-miR-500a-3p	Serum	-0.245639391012639	5.18775287122283	-0.747156003117413	0.455794702046645	0.545991542821047	-5.75063580799018	0.443959401942595	77	119
hsa-miR-125b-1-3p	Serum	-1.55755770429013	3.67241067848901	-3.47458606477776	0.000619965485839275	0.00452248424002142	-0.448119465052168	0.330677725635709	77	119
hsa-miR-324-3p	Serum	-1.13348808015885	3.14670512362017	-2.68142193400833	0.00790624899493368	0.024172449272461	-2.61007657531825	0.358507039179308	77	119
hsa-miR-24-2-5p	Serum	-0.220980360177271	5.41110361250039	-0.645222576191698	0.51947845828854	0.597071443197461	-5.834163144842	0.504529084361017	77	119
hsa-miR-494-3p	Serum	-0.303974154138254	3.40653720174128	-0.704407807650448	0.481949519405637	0.572788172277903	-5.68507252106027	0.456946414929608	77	119
hsa-miR-190b	Serum	-1.17609590304826	2.77652867626556	-2.70462024058667	0.00739209971038852	0.0237144605377182	-2.54586944647711	0.336352722907345	77	119
hsa-miR-133a-3p	Serum	-0.863877891009565	3.50627074965145	-2.0018169370179	0.0465750422287101	0.0888448284530858	-4.06388709150624	0.404234421041144	77	119
hsa-miR-1185-1-3p	Serum	-0.673532027937367	3.16672599848625	-1.55856656357353	0.120585931397279	0.184330009610655	-4.77661712333129	0.417657972279821	77	119
hsa-miR-146b-3p	Serum	0.0537451402170472	4.37996448696921	0.138257163448507	0.890168005527795	0.920583768814622	-5.96392312451027	0.511077158135982	77	119
hsa-miR-30d-3p	Serum	-1.24380480396548	3.43748268917453	-3.12219769543864	0.0020446688680596	0.0105486325693075	-1.47293256371611	0.336461857470261	77	119
hsa-miR-23a-5p	Serum	-0.528867213733516	3.84148727199722	-1.21659095757134	0.225108415390306	0.305985690380835	-5.24754352990208	0.439048346611372	77	119
hsa-miR-23b-5p	Serum	-0.143779490567706	4.61621282179745	-0.373309917102411	0.709289655106576	0.779703398107471	-5.91900713617608	0.49470697369857	77	119
hsa-miR-7849-3p	Serum	-1.17038613329052	2.71041609337978	-2.61204630777724	0.00964186424051082	0.027881569205044	-2.76446753753262	0.333842627960275	77	119
hsa-miR-3191-3p	Serum	-1.15193328785508	2.75910447590468	-2.70344982814783	0.00741729822985901	0.0237144605377182	-2.5484556159322	0.335807050092764	77	119
hsa-miR-10a-3p	Serum	-1.21748265997185	3.28954910970113	-2.86208189742212	0.00462924960220798	0.0178108416898511	-2.16337679179044	0.340608970861072	77	119
hsa-miR-550a-3-5p|hsa-miR-550a-5p	Serum	-0.160534053275435	4.59323939675395	-0.461575157752124	0.644857801568365	0.721097147566596	-5.88262425820219	0.50332860416894	77	119
hsa-miR-30b-3p	Serum	-0.829368585692547	3.68926377740735	-2.05279259228416	0.041316977312896	0.0833684786669101	-3.97644349033302	0.402597402597403	77	119
hsa-miR-320e	Serum	0.200452417352295	4.83934010858357	0.631708118059293	0.528256095379843	0.605626937632447	-5.81342569274739	0.545454545454545	77	119
hsa-miR-1287-5p	Serum	-0.928556698104084	3.51580651853422	-2.16550933472433	0.0314615265344113	0.0673905317026975	-3.7517139646	0.382407508457929	77	119
hsa-miR-203a-3p	Serum	-1.86076405689692	5.86206014966971	-4.11044465978398	5.6389839888081e-05	0.00111308640474734	1.6569738483003	0.314744079449962	77	119
hsa-miR-369-5p	Serum	-0.975570338375691	3.49317088429649	-2.45851992914038	0.0147502812455789	0.0380490209403	-3.13564547448064	0.369529630033832	77	119
hsa-miR-1827	Serum	-0.042852837072205	4.41551514935845	-0.147251084833227	0.883073349001349	0.919530505611497	-5.96426009529221	0.5200261922951	77	119
hsa-miR-411-3p	Serum	0.0693767440941824	4.27532605105276	0.173460752501732	0.862454272170258	0.906375554549299	-5.95339848634964	0.51500600240096	77	119
hsa-miR-196b-5p	Serum	-0.550150429325342	3.87264592875559	-1.27356956159147	0.204206266396664	0.282651356536846	-5.1806551749475	0.424751718869366	77	119
hsa-miR-296-3p	Serum	-0.992686679678721	2.72579182599391	-2.14091593024236	0.0334188209103836	0.0705142487014762	-3.77502270900828	0.359598384808469	77	119
hsa-miR-1292-5p	Serum	-0.745197778116728	3.78411322325492	-1.75812932942812	0.0801640846420234	0.13429702740767	-4.49478505879515	0.394303175815781	77	119
hsa-miR-378d	Serum	-0.652689643452341	4.76198311351707	-2.0456376246842	0.0420229983073274	0.0844178815554276	-4.03442331663646	0.397358943577431	77	119
hsa-miR-363-5p	Serum	-1.03868898944385	2.92515315037652	-2.37474662406462	0.018450090208879	0.0453811989939644	-3.30226011489897	0.362981556258867	77	119
hsa-miR-1278	Serum	-1.00114913356411	2.89255766944795	-2.28413313855294	0.0233508595718968	0.0524816348794117	-3.49251663508993	0.363527229073448	77	119
hsa-miR-4429	Serum	-0.0948176538705983	5.26438898175155	-0.31281307850223	0.754729227370254	0.821049853601642	-5.97747335431552	0.501582451162283	77	119
hsa-miR-412-5p	Serum	-1.05258711104401	3.19542108776509	-2.54972614675798	0.0114848371140982	0.0316007033321246	-2.92181785557375	0.375204627305468	77	119
hsa-miR-374a-5p	Serum	-1.12845265351803	4.14206505070836	-2.8987027489288	0.00413983994914926	0.017050734168505	-2.08849219000477	0.383389719524173	77	119
hsa-miR-96-5p	Serum	-1.30652098882927	2.87926442011362	-2.89092464860985	0.00423964989250733	0.017050734168505	-2.08234012583251	0.344210411437302	77	119
hsa-miR-34c-5p	Serum	-1.07126769848691	2.82737443184864	-2.31604277876546	0.0215085947352935	0.0493176869182992	-3.4243107395875	0.362981556258867	77	119
hsa-miR-409-5p	Serum	-0.699010348316416	2.85860109089684	-1.59438526503968	0.112334886673192	0.174061565015799	-4.71184851405349	0.404670959292808	77	119
hsa-miR-29b-3p	Serum	-1.08427786768299	3.49740147969895	-2.47114926948052	0.0142537546111553	0.0371908309969225	-3.10579657315885	0.358288770053476	77	119
hsa-miR-1229-3p	Serum	-0.66574264216521	2.74251504121105	-1.43510136250981	0.152727294543385	0.220121243564117	-4.92867764887406	0.394084906689949	77	119
hsa-miR-615-3p	Serum	-1.19380858036111	4.98882198748325	-2.5174935491778	0.0125565573667351	0.0335333943793985	-3.04925160169617	0.388082505729565	77	119
hsa-miR-1228-5p	Serum	-0.420472092073308	2.92169224843609	-0.874692853353132	0.382727826044608	0.476050501436307	-5.53637114045425	0.436974789915966	77	119
hsa-miR-6721-5p	Serum	-0.318413967125459	3.74653540196109	-0.767379768951356	0.443706905173695	0.534331392437288	-5.65889282598743	0.465568045399978	77	119
hsa-miR-382-3p	Serum	-0.966541744766704	3.34797999264922	-2.35326034376725	0.0195219457250022	0.0465841796538528	-3.36131717160225	0.38404452690167	77	119
hsa-let-7c	Serum	-0.883700311139114	3.35489384665397	-2.64833650158853	0.00869537917386255	0.0254690460963458	-2.69548002768336	0.322274364291171	77	119
hsa-miR-378c	Serum	-0.21410667462584	4.74894413850825	-0.663806103495844	0.507533429607725	0.590820966774121	-5.78354370536812	0.466222852777475	77	119
hsa-miR-301a-5p	Serum	-1.03895378600431	2.71372740236514	-2.35177183811561	0.0195981901186914	0.0465841796538528	-3.3463459159259	0.365273382080105	77	119
hsa-miR-3064-5p	Serum	-0.949073414272859	3.12003625468069	-2.27959972533918	0.023623478920392	0.052832805073192	-3.50907452901055	0.379897413510859	77	119
hsa-miR-141-3p	Serum	-1.68753897111284	2.75162103259363	-3.55511474564902	0.000465553363636371	0.00399929802134205	-0.197068518532777	0.299356106078795	77	119
hsa-miR-487a-5p	Serum	-0.60991361884959	3.18699744154706	-1.45144750940591	0.148128882994898	0.216239591253002	-4.92533637629019	0.400087307650333	77	119
hsa-miR-184	Serum	-1.66155024424152	6.08499602374909	-3.55623712366928	0.000463681892822513	0.00399929802134205	-0.225332733950145	0.365709920331769	77	119
hsa-miR-3158-3p	Serum	-0.0164347722164332	5.48899336960475	-0.0394065042327726	0.968603263820958	0.977213070610478	-6.03509323998451	0.492524282440249	77	119
hsa-miR-125b-2-3p	Serum	-0.932294043351616	4.55518965789864	-2.30890334653539	0.0219093341247849	0.0497341884632617	-3.49658947459101	0.408708938120703	77	119
hsa-miR-3074-5p	Serum	-1.08762539375746	3.08550554103839	-2.56161791900457	0.0111105744607854	0.0308276753116827	-2.89113750996757	0.365055112954273	77	119
hsa-miR-3187-3p	Serum	-0.776740393716095	2.87257690110904	-1.71719136152291	0.0874000748275763	0.14324777607119	-4.52500365722598	0.389828658736222	77	119
hsa-miR-4435	Serum	-0.812104761664996	2.65130688530582	-1.8280589451369	0.0689417778408112	0.122450527223135	-4.33761626795472	0.379788278947943	77	119
hsa-miR-151b	Serum	-1.06920460942797	2.60713311641191	-2.71092775754675	0.00725762794859114	0.0237049805938168	-2.52809284638652	0.33176907126487	77	119
hsa-miR-1277-5p	Serum	-0.507856955342378	3.0893479553604	-1.18144056087137	0.238747269455477	0.319738231070167	-5.25113632077796	0.42518825712103	77	119
hsa-miR-127-5p	Serum	-0.911182700472092	2.93269868739156	-1.9862338779357	0.0482915180023959	0.0913514548878655	-4.07129449207883	0.382298373895013	77	119
hsa-miR-132-5p	Serum	-1.44123342023076	2.52146700712606	-3.27632383439152	0.00122803896370323	0.00730724779961021	-1.02828930341557	0.30393975772127	77	119
hsa-miR-548av-3p|hsa-miR-548o-3p	Serum	-0.857357930923469	3.96980884393559	-2.24348520159385	0.0258963470621556	0.0570725318748478	-3.61183935258122	0.393430099312452	77	119
hsa-miR-3913-5p	Serum	-1.0562851890694	2.66829541730214	-2.42451759457512	0.0161642082837543	0.040997489166617	-3.18838897846137	0.349448870457274	77	119
hsa-miR-4746-5p	Serum	-0.709581545946136	3.82677010355823	-1.7527756753287	0.0810815612430729	0.135334664721894	-4.50742464350343	0.420604605478555	77	119
hsa-miR-4533	Serum	-1.17194036341837	2.80371530314612	-2.77106131626745	0.00608237892953795	0.0212415387231556	-2.38419452385979	0.342355123867729	77	119
hsa-miR-204-3p	Serum	-2.12129113282405	3.93891234129363	-3.59258015633215	0.000406767447619638	0.00376883096405753	-0.0819846227110625	0.301757066462949	77	119
hsa-miR-548j-5p	Serum	-0.674612665040743	2.58644560332127	-1.53877987598441	0.12534463481464	0.189058020617431	-4.78161181949975	0.3876459674779	77	119
hsa-miR-502-3p	Serum	-0.101137698167345	4.45513814001127	-0.296234554230799	0.767340051728676	0.831437669414843	-5.93295731421844	0.475281021499509	77	119
hsa-miR-378e	Serum	-0.508518844868373	4.22009065723505	-1.51774229564898	0.130564553599699	0.193913822742349	-4.88258961558653	0.433482483902652	77	119
hsa-miR-202-3p	Serum	-0.833360747656248	2.79031201566495	-1.83236972168276	0.0682948043671912	0.122070240876791	-4.33656709356691	0.401724326094074	77	119
hsa-miR-582-3p	Serum	-1.61273836188715	3.19692088604544	-3.76245928544961	0.000217578501985246	0.0027763793375845	0.462289986383032	0.304376295972935	77	119
hsa-miR-378f	Serum	-0.740663989757041	4.32084373476023	-2.35357658527484	0.0195057808189543	0.0465841796538528	-3.39440359095844	0.372694532358398	77	119
hsa-miR-323a-5p	Serum	-0.87379976478473	3.09682095614392	-1.99547452009154	0.0472673169251963	0.0897881250378206	-4.06005839189247	0.381207028265852	77	119
hsa-miR-483-3p	Serum	-0.816943900876185	4.87353830537344	-1.81205245646672	0.0713885984745427	0.125136771071206	-4.45683506516214	0.442213248935938	77	119
hsa-miR-4750-5p	Serum	-1.15563995928349	3.08907940877588	-2.66208339721361	0.00835926819370616	0.0248046258819778	-2.65457860236606	0.355342136854742	77	119
hsa-miR-4433a-3p	Serum	-0.657088956057857	2.98353595191295	-1.67367384181721	0.0956649222534213	0.152929136278357	-4.59764438446948	0.385463276219579	77	119
hsa-miR-302d-3p	Serum	-1.35907757453904	3.23990562114975	-3.12439692983309	0.00203011957544231	0.0105486325693075	-1.46377769635728	0.326421477681982	77	119
hsa-miR-365a-5p	Serum	-1.68968370146347	3.6296943692589	-3.38547056859983	0.000846173062344099	0.00541074042682001	-0.716738486589438	0.340608970861072	77	119
hsa-miR-372-3p	Serum	-1.54324566898832	4.60776236786327	-3.43162920717807	0.000720816549847769	0.00485535690032239	-0.589579938209173	0.351085888901015	77	119
hsa-miR-4659b-3p	Serum	-0.911580660526778	2.6566442493486	-2.08561974374564	0.0382060361882953	0.078237891589439	-3.87933433980657	0.368656553530503	77	119
hsa-miR-598-3p	Serum	-1.26457593114671	3.4489354303348	-3.11173832123287	0.00211519191393737	0.0107898553812086	-1.50220409153323	0.33788060678817	77	119
hsa-miR-214-3p	Serum	-1.19592788998055	2.61133606132901	-2.70981671184395	0.00728115305336091	0.0237049805938168	-2.53049814187428	0.344210411437302	77	119
hsa-miR-6837-3p	Serum	-0.874896229562635	2.70441577612098	-2.0367556637075	0.0429137116548198	0.0847589028797894	-3.97216872747725	0.366364727709266	77	119
hsa-mir-320b-2	Serum	-0.54869559460821	2.67967895991623	-1.32167782972373	0.187695503868088	0.263005428259605	-5.07161535114589	0.406962785114046	77	119
hsa-mir-320b-1	Serum	-0.754258984023164	2.51256862957597	-1.82379684588028	0.0695864229594026	0.122450527223135	-4.34129839117174	0.37596856924588	77	119
hsa-mir-320a	Serum	-0.676678107950764	2.53125215366231	-1.62128593509199	0.106438050286184	0.167207179342309	-4.66059948883827	0.384481065153334	77	119
hsa-miR-550a-3-5p	Serum	-0.575450022900154	3.38431435365441	-1.59054654301984	0.113197122179141	0.174800998195	-4.7404298240377	0.423332969551457	77	119
hsa-miR-302c-3p	Serum	-1.47791941393377	3.01396506765513	-3.37967451984998	0.000863279793724884	0.0054411437963098	-0.729421248347134	0.308414274800829	77	119
hsa-miR-378g	Serum	-0.387375809858018	4.36362035442141	-1.23906761166391	0.216686258568275	0.295422106276267	-5.24815174742739	0.460766124631671	77	119
hsa-miR-642a-3p	Serum	-0.929824089876102	3.79058126869641	-2.03222495651283	0.0433742234654059	0.084878868333165	-4.01767929756837	0.402597402597403	77	119
hsa-let-7f-1-3p	Serum	-1.30069077862153	2.79565289052284	-3.0279220379208	0.00276684876716217	0.0133893366688175	-1.7210907014895	0.323911382734912	77	119
hsa-miR-1290	Serum	-0.502161514297325	2.39229337495793	-1.20716812525056	0.228708392176576	0.309028601333825	-5.19486383518407	0.42213248935938	77	119
hsa-miR-548am-3p	Serum	-1.04344344222967	2.45670532645671	-2.57151336944834	0.0108074981863755	0.0306662761038406	-2.85436666132669	0.331987340390702	77	119
hsa-miR-6515-5p	Serum	-1.15304421884128	2.64620996326251	-2.61898296467721	0.00945409881189575	0.0275138516705171	-2.74732171814638	0.340281567172323	77	119
hsa-miR-1298-5p	Serum	-1.32985265619426	2.38452347860218	-3.02407167038062	0.00280081546005599	0.0133893366688175	-1.72677604460596	0.302957546655026	77	119
hsa-miR-302a-3p	Serum	-1.42431890425305	2.89051982955167	-3.27360526427021	0.00123933497922904	0.00730724779961021	-1.03854176076688	0.300120048019208	77	119
hsa-miR-3679-5p	Serum	-0.531874680352894	4.02877355619071	-1.36979223958706	0.172196338637674	0.24506939730879	-5.07144451135744	0.448324784459238	77	119
hsa-miR-218-5p	Serum	-1.53826650843735	3.0380869462166	-3.13258811188267	0.00197676748481661	0.0105486325693075	-1.43766355366903	0.31507148313871	77	119
hsa-miR-3614-5p	Serum	-0.344560355588594	3.74868505121659	-0.780518403006942	0.435953723342842	0.526390931908644	-5.65143664453858	0.463712757830405	77	119
hsa-miR-3605-5p	Serum	-0.517675883768738	3.39870959437652	-1.2458119691015	0.214204211851749	0.293802755832913	-5.19231721241	0.431081523518498	77	119
hsa-miR-520a-3p	Serum	-1.52055131032631	4.78799023472491	-2.88698595864394	0.00429102574373666	0.017050734168505	-2.13523925838396	0.389719524173306	77	119
hsa-miR-378i	Serum	-1.00365078812023	3.12184818775694	-2.69842443529855	0.00752637705009778	0.0238949313338769	-2.56890971613558	0.338644548728582	77	119
hsa-miR-517a-3p|hsa-miR-517b-3p	Serum	-1.92427538050343	5.15128524043354	-3.59257971322159	0.000406768099644976	0.00376883096405753	-0.0948402526248895	0.368765688093419	77	119
hsa-miR-1323	Serum	-1.1787194567007	5.7607391751027	-2.4389991828325	0.0155479710364489	0.0396560609581336	-3.26034302998962	0.418312779657317	77	119
hsa-miR-526b-5p	Serum	-1.59786287234075	4.20729469895315	-3.16768187893891	0.0017625393785891	0.00964087804674037	-1.35833628266246	0.365491651205937	77	119
hsa-miR-518b	Serum	-1.28735486945849	4.28925177466204	-2.52697901235413	0.012232266390148	0.0334463904838551	-3.00572318024787	0.394848848630361	77	119
hsa-miR-522-3p	Serum	-1.59703602044784	3.39338507572206	-3.23073975795715	0.00143071338859101	0.008119298480254	-1.16661280894797	0.335152242715268	77	119
hsa-miR-149-5p	Serum	-1.50169787654983	4.25663408513394	-2.89017855496953	0.00424933851363284	0.017050734168505	-2.1115096952498	0.358288770053476	77	119
hsa-miR-512-3p	Serum	-1.74986114602524	3.77687914440103	-3.48231452021645	0.000603287472520868	0.00452248424002142	-0.425126603370236	0.32423878642366	77	119
hsa-miR-516a-5p	Serum	-1.3476699701193	3.15850840495208	-2.74784095177081	0.00651404889519844	0.0220699865553738	-2.44826919906944	0.355996944232238	77	119
hsa-miR-519d-3p	Serum	-1.70512902023685	2.90679371629033	-3.4727804896578	0.000623923692216753	0.00452248424002142	-0.449571452302983	0.304703699661683	77	119
hsa-miR-518c-5p	Serum	-1.50752156464548	3.16307984122293	-3.08097608410141	0.00233583482474293	0.011653505609157	-1.58254686006095	0.33591618465568	77	119
hsa-miR-520g-3p|hsa-miR-520h	Serum	-1.56261183737646	3.10131252856949	-3.2365019640434	0.00140348015243515	0.008119298480254	-1.14684809139281	0.32674888137073	77	119
hsa-miR-1283	Serum	-1.73085867632725	2.75950337087501	-3.63094142794477	0.000353859570524491	0.00376883096405753	0.0396782672824063	0.287896976972607	77	119
hsa-miR-525-5p	Serum	-1.71280196215157	2.89912845870937	-3.47012458348295	0.000629789055948867	0.00452248424002142	-0.457689260152797	0.308850813052494	77	119
hsa-miR-518d-5p|hsa-miR-520c-5p|hsa-miR-526a	Serum	-1.52054860872475	3.26190853071678	-3.15026459053849	0.00186602186142077	0.0100854038700599	-1.3923748617615	0.331005129324457	77	119
hsa-miR-518f-5p	Serum	-1.33935203120657	3.33368725938298	-2.74219500563283	0.0066231172221036	0.0221095236679047	-2.46610278919169	0.345738295318127	77	119
hsa-miR-520d-3p	Serum	-1.96146213244306	2.95117086845285	-4.0781963573347	6.41510878642526e-05	0.00121352474543211	1.5253845221016	0.282767652515552	77	119
hsa-miR-523-3p	Serum	-1.44358804987535	2.99993849881323	-2.8758004437263	0.00444004356310562	0.0173774118762927	-2.12301655494779	0.339190221543163	77	119
hsa-miR-205-5p	Serum	-1.97557085217167	3.96734204808284	-4.00518184189914	8.56563875192171e-05	0.00138885714049016	1.28138474302707	0.314089272072465	77	119
hsa-miR-518a-3p	Serum	-1.75537905246838	2.66559146748492	-3.67322108911569	0.000303083037475456	0.00343999247534642	0.173316844047003	0.297937356760886	77	119
hsa-miR-371a-5p	Serum	-1.30618729898142	3.02863578596628	-2.79777823543331	0.00561792337976145	0.0202423588445373	-2.32158277328249	0.350649350649351	77	119
hsa-miR-518e-3p	Serum	-1.44407856332822	2.85371849098882	-2.9773478996894	0.00324469912118376	0.0144420921668375	-1.85653530358656	0.337007530284841	77	119
hsa-miR-520h	Serum	-1.63725955338046	2.49506089703468	-3.55432263930935	0.00046687840337253	0.00399929802134205	-0.199523263146458	0.30590417985376	77	119
hsa-miR-6716-3p	Serum	-1.26268038076177	2.7177777788306	-2.78186641430399	0.00589049834069253	0.0208501293199959	-2.355660634321	0.346611371821456	77	119
hsa-miR-145-5p	Serum	-1.58297694542458	3.02673996787767	-3.60112033759117	0.000394381782304767	0.00376883096405753	-0.0539672240678586	0.317799847211612	77	119
hsa-miR-1269a	Serum	-1.6928799353451	2.95817121660861	-3.4666542796832	0.000637530817976588	0.00452248424002142	-0.46837135845534	0.312343119065808	77	119
hsa-miR-937-3p	Serum	-0.419655797659482	3.30559171860946	-0.954401745343733	0.340963928080781	0.433767556158316	-5.4866304534961	0.438939212048456	77	119
hsa-miR-1306-3p	Serum	-1.2119514352394	3.6719484968345	-2.88485799920589	0.00431901856691205	0.017050734168505	-2.11344589319436	0.367237804212594	77	119
hsa-miR-143-5p	Serum	-1.16599051987053	2.78893090311724	-2.66880414838767	0.00819924455073195	0.0246520332849822	-2.63222491186195	0.338862817854414	77	119
hsa-miR-452-5p	Serum	-0.489600976619053	3.95652179408523	-1.24031089090673	0.216227148959033	0.295422106276267	-5.22598256493899	0.448324784459238	77	119
hsa-miR-7110-3p	Serum	-0.768741768423005	2.67054098450986	-1.6962913445473	0.0912939983416063	0.14749991191135	-4.55092331590897	0.385681545345411	77	119
hsa-miR-664b-5p	Serum	-1.2794502963964	2.90100737222125	-2.92718708100277	0.00379238010400589	0.0163975292116064	-1.98907021991632	0.339845028920659	77	119
hsa-miR-1224-5p	Serum	-1.42384550307001	4.59654731156126	-2.46174518363079	0.0146220408457464	0.037933751679822	-3.15559044624964	0.375750300120048	77	119
hsa-miR-200a-5p	Serum	-1.95794044622542	3.28124834992714	-3.57982051337819	0.000425956047779507	0.00386768091383792	-0.120606193082334	0.311142638873731	77	119
hsa-miR-758-3p	Serum	-1.03938035355074	3.09604582732254	-2.48768537127459	0.0136261086426903	0.0357586897328405	-3.05954690893628	0.363199825384699	77	119
hsa-miR-3909	Serum	-1.04771833859775	2.87727184546367	-2.32255672826863	0.0211485856970138	0.0487383650073313	-3.41197624414284	0.368220015278839	77	119
hsa-miR-708-3p	Serum	-1.33916955456668	2.97287776290798	-2.95042315511416	0.0035289345477592	0.0154051565834873	-1.92850292732656	0.332096474953618	77	119
hsa-miR-6877-5p	Serum	-0.764849905865376	2.76271926565561	-1.70747266015503	0.0891936664587819	0.145627236431197	-4.53701951401188	0.393975772127033	77	119
hsa-miR-542-3p	Serum	-0.769025832866339	3.88293494985018	-1.80014865711809	0.0732543716002862	0.127423313051839	-4.43072432474127	0.405325766670305	77	119
hsa-miR-410-3p	Serum	-0.653152195440002	3.17701288419496	-1.515421576972	0.131150630455628	0.193949140804089	-4.83753386502489	0.41351085888901	77	119
hsa-miR-378h	Serum	-0.920839250120885	2.85462471541533	-2.37387914818735	0.0184923387971	0.0453811989939644	-3.30344534824873	0.356651751609735	77	119
hsa-miR-431-3p	Serum	-0.808641613522942	2.49078841665481	-1.79112825534727	0.074694808041684	0.12938979178588	-4.39369721767968	0.379788278947943	77	119
hsa-miR-10b-3p	Serum	-1.39074324509147	3.49820962609592	-2.98958195685909	0.00312262292305589	0.0140363446244295	-1.83317038886082	0.33176907126487	77	119
hsa-let-7f-2-3p	Serum	-0.902959448963751	2.82174391582164	-2.13932920045055	0.0335486293381472	0.0705142487014762	-3.78096143255389	0.357961366364728	77	119
hsa-miR-204-5p	Serum	-2.73236229908741	5.06162222773264	-4.85027796849643	2.38031414813629e-06	0.000216132524650775	4.48291693183726	0.271199388846448	77	119
hsa-miR-429	Serum	-2.21291224088886	3.39985810061314	-4.50346132087299	1.10177290258335e-05	0.000289280465965522	3.07791743145495	0.252864782276547	77	119
hsa-miR-32-5p	Serum	-0.47737435421001	4.96591742971965	-1.34132148296956	0.181246808993066	0.25671205626607	-5.15310310645672	0.440139692240533	77	119
hsa-miR-548av-5p|hsa-miR-548k	Serum	-0.778183719292172	2.98164181659067	-1.78285040238988	0.0760370944235041	0.129655019125073	-4.42406285631838	0.380661355451271	77	119
hsa-let-7i-3p	Serum	-0.794313797496141	2.62800505010645	-1.78361179612733	0.0759128095676679	0.129655019125073	-4.41043389975231	0.379679144385027	77	119
hsa-miR-17-3p	Serum	-0.572926391255955	2.68915365893988	-1.27460830470802	0.203838874742679	0.282651356536846	-5.12770043741657	0.40990941831278	77	119
hsa-miR-3928-3p	Serum	-1.08117563703537	3.25174316452841	-2.41521444316943	0.0165714010060731	0.0415658345677192	-3.22394785141864	0.385463276219579	77	119
hsa-miR-378b	Serum	-0.824166535466184	2.33235701531777	-2.0291502451385	0.0436891337451295	0.085128183348879	-3.97621536456227	0.374331550802139	77	119
hsa-miR-4485-3p	Serum	0.057393423992449	4.02549456300322	0.126750331752444	0.899257770015744	0.925766502465188	-5.94651409105636	0.500600240096038	77	119
hsa-miR-1255a	Serum	-0.426328424376371	2.67946212142743	-0.929681339479833	0.353590196144893	0.445916525138281	-5.47909736285714	0.423878642366037	77	119
hsa-miR-7848-3p	Serum	-0.792869048304472	2.7022226471021	-1.78154322467831	0.0762508592651861	0.129655019125073	-4.41613933552844	0.385681545345411	77	119
hsa-miR-4738-3p	Serum	-0.902847396793591	2.52295355834246	-2.00568539376725	0.046157034382935	0.0884189603791245	-4.0238178577991	0.366473862272182	77	119
hsa-miR-30c-1-3p	Serum	-1.17403063068359	2.91263587075806	-2.68454460633769	0.00783521130804644	0.024172449272461	-2.59729547724103	0.356542617046819	77	119
hsa-miR-454-3p	Serum	-0.923592268090993	2.77229829027096	-2.12319842983676	0.0348931054359433	0.0723354788489417	-3.81091677120477	0.369638764596748	77	119
hsa-miR-130b-3p	Serum	-1.20022602988282	3.42008964605022	-3.00890007928146	0.00293842031567017	0.0136400598172043	-1.78232990839702	0.366910400523846	77	119
hsa-miR-5187-5p	Serum	-0.720545653946764	2.6111979580472	-1.55209458007327	0.122126518619522	0.186058521655244	-4.76338987606511	0.392884426497872	77	119
hsa-miR-200b-5p	Serum	-2.22267464369277	3.00633537366157	-4.52352972863549	1.01061291306392e-05	0.000289280465965522	3.14521813714891	0.269016697588126	77	119
