	PC1	PC2	PC3	PC4	PC5	PC6	PC7	PC8	PC9	PC10	biofluid
sample_ZW_U19_Plasma_102-10_fastq	-31.321341036391857	-8.87332875977266	13.014918606948244	-4.8467152219470195	1.5805114089187786	1.6040406981086475	7.94375650337632	0.4220389397376055	3.1375995862283563	1.4015450573645756	Plasma
sample_ZW_U19_Plasma_102-11_fastq	-51.3641202197475	-2.783238852482283	-9.434050525846432	-43.77394939389499	-11.504186228888065	-3.081181636429799	-22.654798252185017	0.02624753050126429	-4.986063456135033	11.163369973955573	Plasma
sample_ZW_U19_Plasma_102-12_fastq	-38.10269463304191	-1.5280128917355689	-1.8270956620118353	-12.716473175010616	-2.1448384363465043	5.726122017776147	6.119313128511247	-0.7862062617711006	-0.34452847386348817	-1.522975079718634	Plasma
sample_ZW_U19_Plasma_102-13_fastq	-44.71554043565184	-3.2106761758104896	-9.270003599973318	-27.91659643544041	3.1028811723535004	-1.6370291710955687	-6.829988025807188	1.4167170647352119	-5.716620221912728	-2.8630950171209864	Plasma
sample_ZW_U19_Plasma_102-14_fastq	-25.86858200260735	-5.698307910812373	10.818257890538716	1.13383984361638	-1.8208629240242742	1.0313243060735484	5.31758999279892	3.5434325517776575	0.244949637351726	-0.5834016587985701	Plasma
sample_ZW_U19_Plasma_102-15_fastq	-22.331911322017714	-7.44987596200455	12.988239987219462	2.132321895338717	0.35153780936755535	-6.445383270501148	1.7961669846060542	-0.9873568500698235	-2.383407160072595	-0.9418740789379874	Plasma
sample_ZW_U19_Plasma_102-16_fastq	-27.161639880553928	-2.449038045238675	-2.4179607932068383	-1.751410429538344	-2.887517303751146	4.488713897247055	7.724903990909827	7.336462934627866	-5.028990976501587	-5.016031097005903	Plasma
sample_ZW_U19_Plasma_102-17_fastq	-13.01165011689523	-1.2793144838245842	1.0396014387089847	1.6035034975209383	3.782007943891753	9.914188793701308	-0.341336527832681	6.71158710410902	-2.7031480724264223	-7.768593968703895	Plasma
sample_ZW_U19_Plasma_102-18_fastq	-22.55556095097275	3.877664835617989	-1.2649018808651349	-2.644001366609937	-3.963015855278117	3.3061829329292665	5.566791677683251	10.773940220762443	2.2585270506120643	-6.407171539591599	Plasma
sample_ZW_U19_Plasma_102-19_fastq	-34.074833926150184	-6.204775014060734	-4.650670014658196	-3.9123807909994084	-0.7298127005694339	0.10522077584071364	9.364381916926584	-3.8745970759449557	-0.9646995280662825	-2.9491904359282755	Plasma
sample_ZW_U19_Plasma_102-1_fastq	-6.139114809198128	-6.4457656346511705	18.68571934110416	3.2863900225667564	-2.2825380473169132	5.356134733369839	1.978446390888559	6.064710623267824	-7.351617014464036	-1.4107286524386524	Plasma
sample_ZW_U19_Plasma_102-20_fastq	-34.54115593083503	-7.916015072696186	-0.4133886444937157	-8.45501100632811	-8.375996799646144	-0.18089522472330122	1.7903773393800444	-4.772927526134018	-3.9443708469804832	-3.908589571701149	Plasma
sample_ZW_U19_Plasma_102-21_fastq	-4.91790330351203	9.708734659001905	-1.8609789451723224	0.0343856596425703	11.191951328445056	1.9738867159291809	6.549189506637515	6.36077864199673	-0.48417471359176173	-7.039515740457598	Plasma
sample_ZW_U19_Plasma_102-22_fastq	-31.733477758541103	-0.550636124624263	-8.227859199108574	-6.929707366477009	2.8534204747897967	0.907378110267226	8.824968963322247	0.2737256360700038	-0.09448898196679284	-3.233786885597881	Plasma
sample_ZW_U19_Plasma_102-23_fastq	-33.27837832372748	-9.883457625367496	11.775419670935854	-4.893647433771905	-0.19854967826324804	1.15888127847925	11.242951234798026	-10.004808509863073	5.417856356951038	2.542626105714205	Plasma
sample_ZW_U19_Plasma_102-24_fastq	-29.35627664392896	3.775755796944916	-3.9475406018774826	-1.9357259666052695	-4.692417892351889	-0.6546802249297912	6.637343340977419	0.5238349627994362	-2.439512683743266	3.241921997238885	Plasma
sample_ZW_U19_Plasma_102-2_fastq	6.584420762312364	-12.510689716225126	20.40148546375705	-0.5766635387908475	-1.3360961058259242	2.6916286890121977	2.0602307085772185	3.5531158093907385	-2.844838030814005	-0.32604693912631033	Plasma
sample_ZW_U19_Plasma_102-3_fastq	3.0004046550930203	5.100267396645845	-0.9784436276546983	1.0004794204991485	-1.1198547453517256	6.236356792059576	4.023188743605347	4.493268973090754	-5.5545306836525254	-3.761605125290594	Plasma
sample_ZW_U19_Plasma_102-4_fastq	-12.711875050749441	-7.70533408336741	16.369179846828654	8.022943784848476	0.1683301326620152	-0.1651951342995931	-0.6651160710478077	-0.8822171874720457	-12.521397568471489	-2.119604491591854	Plasma
sample_ZW_U19_Plasma_102-5_fastq	-14.151087974771553	-2.6212409683821645	5.94509725836908	6.339064541813009	-2.3200404233025615	6.979698381534735	-0.7222200083713993	5.030320356240408	-3.1245768388668553	-4.724530799458423	Plasma
sample_ZW_U19_Plasma_102-6_fastq	-33.566392804727585	-10.395360468344434	11.977204856976453	-1.133546193099018	6.282955268392944	-2.8022115126800546	9.626014339544271	-8.552938288690616	-3.420717620711271	-2.4054621031019114	Plasma
sample_ZW_U19_Plasma_102-7_fastq	-20.3258837104913	-5.170930572901678	10.117283057674912	3.8066076352458	6.262292621891144	0.4670414288691647	0.664853975880797	3.7365367444857656	-9.570534515933412	-1.8066573539201107	Plasma
sample_ZW_U19_Plasma_102-8_fastq	3.272624220258927	-9.352194609124618	21.702309708555887	0.019153769631181865	2.2072674521910423	-0.15719273331485306	-0.43486641537457144	3.6471270651989838	-4.395193235349261	-0.03138822322330988	Plasma
sample_ZW_U19_Plasma_102-9_fastq	-3.1993877891672136	0.716468781809915	6.294605568544934	1.5079391324640925	1.2462288601026628	10.080238531453826	-1.5309270755008142	8.402944644515438	-5.153880987438917	-5.065567206481574	Plasma
sample_ZW_U19_Plasma_51-10_fastq	-2.615597430447967	8.77252322559977	-0.21769194099152148	1.092995295723567	-0.7650994397029023	-2.141964033528247	-0.34965088460198723	1.5145030338468155	-0.2477111071631485	2.442458509736528	Plasma
sample_ZW_U19_Plasma_51-11_fastq	-16.76316409906136	1.8723445441574555	-1.386871405820288	2.7190207074985087	-0.5385120283493996	-1.3587274235799118	-4.340327401953506	9.533034954488604	2.688169181621285	2.6149304846431036	Plasma
sample_ZW_U19_Plasma_51-12_fastq	-4.5197507299526665	0.8784623824107423	-3.3828597518452908	4.636599208265283	-5.325241039624825	-0.31083830685630026	-0.7466025918749465	2.575720367830897	1.2877093573008274	1.710488918489207	Plasma
sample_ZW_U19_Plasma_51-13_fastq	-7.6488011139992285	11.432699296046382	-0.6187033484257292	2.1179139072005637	3.448528638118181	-5.640328693010534	-0.39662009798171244	6.459894016923509	2.3509635001025546	2.118166207295941	Plasma
sample_ZW_U19_Plasma_51-14_fastq	-0.7787978102231334	12.391341532243251	-0.7958199467997391	4.2616774138657	-3.591477101266197	1.1852969611764892	1.7464024611528464	3.777467573402742	-1.882315118610887	6.202586981522576	Plasma
sample_ZW_U19_Plasma_51-15_fastq	-2.2707789598967083	5.889079155809134	3.7667812089734936	1.9265219302838157	0.3907196381145825	-4.264709733169675	-2.267518143184246	-1.8531999588270416	0.5481588536836441	0.7951157607640561	Plasma
sample_ZW_U19_Plasma_51-16_fastq	-4.984912538495455	4.516521649723713	2.1913717783906765	4.675343549519114	-6.312672052115314	2.1076729104669876	-1.8395100197964054	2.1555405021257843	1.0035297642985321	-1.3368385268670775	Plasma
sample_ZW_U19_Plasma_51-17_fastq	10.968740858100707	9.120018337185032	-3.7454537071486227	-3.336878610022647	-0.24040351348935318	3.863170114449087	4.680812456837217	1.627424040156423	-1.3197981914731314	-0.686355651336442	Plasma
sample_ZW_U19_Plasma_51-18_fastq	5.5762812593194475	1.1052304464482194	-2.643231475507948	-0.3959765256953448	-5.777531422823196	-2.3459299082785323	0.8329967523844344	1.3950111982326896	4.853438807505724	-3.2394473237222963	Plasma
sample_ZW_U19_Plasma_51-19_fastq	4.487415164625455	-6.608588613119673	-11.939553436113181	2.171948593075144	-9.671842668859204	-6.128815275739679	6.977282165356239	1.1365243687483275	-0.3769261186377462	-2.4323315363107247	Plasma
sample_ZW_U19_Plasma_51-1_fastq	4.2981137139958685	2.4810540459342874	-1.6757798825460384	2.061937142405692	-4.871279212142846	2.8105372126770147	-1.2578774832573736	-1.6421040195938454	-2.4332636837212536	0.5654930283830417	Plasma
sample_ZW_U19_Plasma_51-20_fastq	10.398953722863444	-8.24955486373497	-11.058632739987065	0.30918220676734515	-8.981636088217686	-3.4363086872682977	6.758052659780919	0.2583222422201362	-2.5290913910913857	-2.710693891346458	Plasma
sample_ZW_U19_Plasma_51-21_fastq	13.636881170977324	-5.580358901200607	-12.445466051655936	-5.059733764086589	1.040261603727373	-5.347838651158632	7.669374989171722	1.0718430302909836	0.8377689550927924	-3.668284860958534	Plasma
sample_ZW_U19_Plasma_51-22_fastq	8.184057927178358	-4.501359994893566	-11.157509577238832	0.4378480232925344	-1.929310290653479	-7.51841447428116	6.114632749043059	1.053957974106793	-1.9293512063549985	-2.2667207897229305	Plasma
sample_ZW_U19_Plasma_51-23_fastq	-3.451444044718606	8.52754378684079	-2.5319759546057123	2.608102911910644	-2.1206568701620445	-2.758893134070862	1.7266305999671874	-0.5461510416757377	-0.7776604277953199	1.5491591686135275	Plasma
sample_ZW_U19_Plasma_51-24_fastq	-6.05372215762984	0.6212738267867882	1.3268698672578558	3.928082162853424	-6.851480323433172	0.010461313792880029	-1.5954445581625338	-2.715764265902226	1.11082893062325	2.5575072531040766	Plasma
sample_ZW_U19_Plasma_51-2_fastq	1.7162672155610605	3.2158428947635267	-1.4981863112395009	2.451431077786217	-3.3274491902899292	4.880175515381375	-1.2833935314787146	1.3455429058066926	-1.0172811549635943	2.125490104579729	Plasma
sample_ZW_U19_Plasma_51-3_fastq	7.625971261434456	6.232301497096302	-1.11325289447965	-2.2275779764233157	-4.181104175277214	3.1688200913462103	2.182142398466592	-0.0032504718213996367	-0.47925028707503997	0.4777451047889227	Plasma
sample_ZW_U19_Plasma_51-4_fastq	-4.408463483847641	11.16094186942414	-2.4505909122388583	3.977121463269175	-1.923654175997576	-0.6107628062159363	-0.6760250608825081	-2.8084234167597795	-6.000681664814384	-0.8618173064804517	Plasma
sample_ZW_U19_Plasma_51-5_fastq	5.115028061586436	9.111912928036293	-0.7087544899629963	0.7864740723593905	-4.14648841963656	1.2959469133564234	2.4657960675194803	-0.08877756982512906	-1.9359321895796522	1.5057708098088833	Plasma
sample_ZW_U19_Plasma_51-6_fastq	0.1493010983689626	5.892353984341522	-3.4578967311066333	2.6828311232482656	1.2769713791161652	-2.2728816548111483	0.3415602432266791	-3.575263761238912	-3.4168871309700872	-0.7960883190810555	Plasma
sample_ZW_U19_Plasma_51-7_fastq	-3.251001795405671	7.995006341407421	-0.14741909161298408	2.7767485501455833	1.8392812932282	-1.899485507663561	-3.7423366128993534	-0.294991848666451	-7.537239624495155	2.7333313059307747	Plasma
sample_ZW_U19_Plasma_51-8_fastq	6.95722281416142	0.523694529114562	-3.3157543152051807	1.3675375523999822	-1.7501651975481818	-1.4043986709516678	0.39676013892598566	0.8026713785216558	-4.117476855095143	0.12868665976768168	Plasma
sample_ZW_U19_Plasma_51-9_fastq	4.327528489531257	5.958003281651496	-0.4226166012319308	-1.0564194166906353	-1.8080168583139768	7.36014919788977	-0.22765471324023423	2.766072149269808	-0.5718918323997139	-2.861788465991782	Plasma
sample_ZW_U19_Plasma_52-10_fastq	2.6836658652201466	2.2298940208098914	3.4486961756184313	-1.234380908082866	-0.05832385764865796	-3.5674678666900363	-0.8727792973689409	1.713961662583759	0.26423868204554757	2.029896363737181	Plasma
sample_ZW_U19_Plasma_52-11_fastq	-4.42590240412811	7.145362606366585	2.9036064409611515	0.5628988633231959	1.808102415536181	-4.409162519660007	-3.070250337075517	6.368997706394154	0.7704930709970329	-0.48085334784719597	Plasma
sample_ZW_U19_Plasma_52-12_fastq	3.28380309087922	14.273813069965321	1.0706445427798665	-0.5392654746776997	-3.7849661386884477	-1.2653232388075943	5.789969161734619	4.814243325148822	-0.11455382977940179	1.9567771236866969	Plasma
sample_ZW_U19_Plasma_52-13_fastq	-4.125898668883039	5.6524819632883405	3.0107373010794127	-0.9054167915796097	2.9993696079418193	-4.898924080511077	0.34693782958988056	9.601455197687041	2.666924266020664	-0.9689728434787269	Plasma
sample_ZW_U19_Plasma_52-14_fastq	-1.9356375448376095	9.893994945010148	1.7034954701653564	0.6839680867812687	-3.335041720152534	0.779110090080997	0.571644075518935	2.9924283510673533	1.55914112247833	1.1666737183086675	Plasma
sample_ZW_U19_Plasma_52-15_fastq	5.63895406044018	2.462752083994666	-0.587359996594105	-2.4340648693344034	1.2096960613410666	-5.423168662203264	0.7057510773808162	-1.130984991938219	-0.6974645569350245	0.794775596683181	Plasma
sample_ZW_U19_Plasma_52-16_fastq	3.2993243705009374	8.964832217924343	0.8015522174019788	-1.6109692130244126	-3.429007341847261	-0.23745799414770885	2.0036816576312333	1.908984191039495	-0.43474970002803615	1.4241267500347323	Plasma
sample_ZW_U19_Plasma_52-17_fastq	3.7914841436664335	5.702856192071565	1.2648144683266003	-2.437012779281065	1.4432378911403718	4.8435315706271735	-0.9862091632906836	0.7401338339148676	2.030497323613912	-3.1602955454146917	Plasma
sample_ZW_U19_Plasma_52-18_fastq	2.742881165082874	6.7639112697430335	4.4221295785752215	-2.520796199045192	-1.5104335599804815	1.0520419503686953	-2.19030504889135	0.5610318225344334	6.2151328847711085	-4.0873635758414535	Plasma
sample_ZW_U19_Plasma_52-19_fastq	-4.147432477721322	5.156753345901854	3.9381136357386226	1.6547688789086759	-2.760239480300589	0.47827906373988394	-0.8990163879974805	0.761289491453039	1.4840796916698684	-2.194339747344106	Plasma
sample_ZW_U19_Plasma_52-1_fastq	9.153639066196716	2.302793045270515	1.623510140827774	-2.4401230998231918	-3.385266893043516	2.6747306117278087	0.8594038121682878	-1.5616950129173406	-1.6059704060152795	-1.8036334160204563	Plasma
sample_ZW_U19_Plasma_52-20_fastq	1.5297891481028187	-1.913948628246842	0.1958845263823826	1.5288502875952545	-5.61187678886668	0.5801343558987739	-0.958401494547954	-0.7425913199031324	-0.6022715916253533	-1.5654537840659224	Plasma
sample_ZW_U19_Plasma_52-21_fastq	9.804497402496365	10.153648595664002	-0.7771722497997254	-6.0122355861004575	6.718467250842762	-0.804628927039558	3.635400626750405	-0.34493811378489253	2.517912718470365	-2.95699233341779	Plasma
sample_ZW_U19_Plasma_52-22_fastq	3.6358893937672625	6.457408013171024	-0.20941482701627845	-0.8914802096467431	4.050410111023852	-3.2736793139688487	-1.3046105447976684	-2.0959048250759573	0.6627005450888743	-0.9915769723934849	Plasma
sample_ZW_U19_Plasma_52-23_fastq	2.358849239279963	0.19172344811786532	3.833509637412236	-0.753174450117532	-1.017062649633529	-2.168743715684567	-0.4203651069267258	-1.5889955616499218	2.127193805042105	0.22056924826523905	Plasma
sample_ZW_U19_Plasma_52-24_fastq	6.497771781823968	14.709721124546967	-1.4299047806726792	-1.777080734943782	-5.461733805175782	-1.0674852550122729	7.156076960407971	-0.7974394432209064	-0.973815961982742	2.7845019630877066	Plasma
sample_ZW_U19_Plasma_52-2_fastq	2.6959000275413376	4.32588943693867	2.979600763717614	-1.9268407437994892	-2.2567081094073096	3.650747290585058	-0.552604606185818	0.018295449590255634	0.4264837905401845	-1.1107074822548728	Plasma
sample_ZW_U19_Plasma_52-3_fastq	6.039325043576428	2.90710366413938	3.0125303840426447	-2.145330863620445	-1.5544311630525416	3.438368974930716	-2.61122358444901	-2.2612827031731326	1.8220905536930425	-4.10484650264466	Plasma
sample_ZW_U19_Plasma_52-4_fastq	1.7344403615369197	7.784297801322797	2.2288198319784662	-0.6534332370170425	1.4812410532597584	0.11314348057121289	-0.3204329582333323	-2.7255065933240914	-3.3892918859937726	-1.3463219474795864	Plasma
sample_ZW_U19_Plasma_52-5_fastq	4.34414217552347	6.973971345384097	1.401860901359289	-2.1790578469513533	-1.5543233779115448	1.319649453142362	1.0690114765202228	-0.08837736699182155	-0.6695588377101109	-0.4367231724312901	Plasma
sample_ZW_U19_Plasma_52-6_fastq	2.1237824654362756	1.6991036327335036	-2.238593726955193	1.260641707281784	3.6282434393446934	-2.9470409562605266	1.6747918681144156	-0.7528532284106665	-3.6405232592674266	-4.714297257555618	Plasma
sample_ZW_U19_Plasma_52-7_fastq	5.146473125040859	1.2617612119402797	0.562856735822908	-1.9820913437800003	3.5996314388132618	-5.713304065274569	-1.2559656466989348	1.9071795367432067	-5.870715295424243	0.13725689893105444	Plasma
sample_ZW_U19_Plasma_52-8_fastq	7.917018287851249	-0.6410459392311704	1.0553155350351626	-2.481106242520273	1.1866667046344208	-1.3740616004579573	-0.671097276635636	-0.24302341754316398	-1.1593249605898075	-0.11332830820925718	Plasma
sample_ZW_U19_Plasma_52-9_fastq	10.55443172835383	5.80991411844074	0.8216709090415126	-3.477920424575396	0.03392768331282313	6.032305944930593	0.1248000475839279	0.15228105297328295	-0.3557626797735249	-4.288221959537523	Plasma
sample_ZW_U19_Plasma_53-10_fastq	-2.3052508968463425	4.086439017312815	1.0074993180506118	0.45101952915503624	-1.0230695457839363	-2.173344450768031	-2.674156479750856	0.5135920902605023	1.9236314644926653	-1.1231072259786405	Plasma
sample_ZW_U19_Plasma_53-11_fastq	-11.834903022446724	6.13565538065295	3.7869088592477413	0.7320142664256151	0.963730238125915	-2.2955258402083887	-2.9998089013625875	6.969613828351318	1.8359007210797673	-1.5334601323043024	Plasma
sample_ZW_U19_Plasma_53-12_fastq	-3.3724959954299982	2.8286198949537105	5.065257074620372	2.965718902648819	-3.9557529938293756	-3.5354659743085817	-4.378444681210429	1.9597388594117453	3.25147921141664	-3.171288244783437	Plasma
sample_ZW_U19_Plasma_53-13_fastq	-8.60172128826188	6.241014280365276	3.102355683898745	0.8340923605940004	3.6301101049207736	-4.978503100045082	-4.183150644853732	5.946002273594072	3.835218915274147	-4.5126597520024205	Plasma
sample_ZW_U19_Plasma_53-14_fastq	-5.0853059568239525	5.5147159928746206	2.8331273970151893	1.961685185393013	-3.3117419398956205	0.14785391814530785	-3.6858415224187375	1.5198426541295003	2.2215524322581865	-3.3783238143930943	Plasma
sample_ZW_U19_Plasma_53-15_fastq	4.091083945413047	9.563526138726035	-1.0663919900746668	-1.4333253005853113	0.8635154587216772	-5.413940797223118	3.9414652736905302	0.4675629868701003	-1.6533287364630547	1.533566338309345	Plasma
sample_ZW_U19_Plasma_53-16_fastq	0.9089011272390141	13.16315366391243	1.707250368722683	-0.44148948035421	-2.863536528714302	-0.692602702101156	2.658891984074228	1.9483931910886603	-0.337444683347095	2.396862669731374	Plasma
sample_ZW_U19_Plasma_53-17_fastq	4.7603403311805215	4.495876839407247	1.1807092753271753	-2.7543468518815724	0.3031983275268175	2.9206755582216837	-0.3959573250544187	1.2282185292947214	0.6574868011344354	-2.95565881154339	Plasma
sample_ZW_U19_Plasma_53-18_fastq	1.6239310604753507	6.4584448842073146	3.2565671790717006	-1.3995525905783637	-2.65586077203624	0.6505668197884039	-1.4359765687779356	1.2672644064468555	5.223420640750515	-4.5734165849438595	Plasma
sample_ZW_U19_Plasma_53-19_fastq	-0.10645438626446087	9.755772792202935	-1.6287963279732791	-0.9847110781989653	-5.600376226838923	-0.7092754968339438	2.9084000963243537	-0.2697592122229578	-1.0818489669276585	-0.3567995430743503	Plasma
sample_ZW_U19_Plasma_53-1_fastq	3.194937067266112	3.6758645709688125	3.8495835729924495	0.11914929518199728	-3.8243595392785426	2.5849970625399457	-3.7261278001491864	-2.217118528254289	0.9657084174928542	-2.4509213449012686	Plasma
sample_ZW_U19_Plasma_53-20_fastq	-3.2850715802577137	5.0568321822077005	3.674481038347342	2.219714842228335	-5.489615370722129	0.07672466857100779	-2.7029311278877968	-1.140222904980665	1.357686829850655	-2.9946366037162186	Plasma
sample_ZW_U19_Plasma_53-21_fastq	6.8986785349485515	2.3590001118315365	2.0962066124521783	-3.8842234229917065	5.638821029876283	-1.8050820409129973	-2.970444451956274	-0.5908312268052264	4.252181214058459	-4.373276970955432	Plasma
sample_ZW_U19_Plasma_53-22_fastq	1.4000714897776159	4.725885438588972	5.06521039024794	-0.1971413282599254	4.570549527072981	-4.425725667910482	-4.263868608807767	-2.688151117072391	2.565229344727446	-5.292805021203022	Plasma
sample_ZW_U19_Plasma_53-23_fastq	2.12185262588738	11.409970468161323	-1.2152699796603361	-0.9308886864042606	0.4482209701395935	-2.697437341264428	2.6399901293833885	-1.0849480679954526	-0.2791654309881314	-1.2821764853067734	Plasma
sample_ZW_U19_Plasma_53-24_fastq	0.9607545824510904	2.1538718629226405	3.30451581485363	0.5024030207392101	-4.941362490591162	-2.3958044853770835	-1.5013854166379244	-0.9152731769675448	1.5483047621342618	0.6764662562027252	Plasma
sample_ZW_U19_Plasma_53-2_fastq	0.39204266487272016	2.731685858768666	4.404444839349157	2.1325711170092	-3.6387110277265533	4.295426952760404	-2.898260788792846	-0.5182589590514146	1.7621370211682206	-2.5599842941024877	Plasma
sample_ZW_U19_Plasma_53-3_fastq	5.74528815843907	10.026722650952879	2.354449017312476	-0.5792019260743614	-1.7139648698992584	1.9542435272786207	-0.8084014819836934	-1.00004832693755	3.002707946997867	-4.11928567243417	Plasma
sample_ZW_U19_Plasma_53-4_fastq	2.938137882394519	4.246708080822964	-0.13022042374807064	0.08004656120724267	0.9039877597713523	-1.4419794453157628	-1.728660898856713	-1.814664273015857	-3.632034664614866	-3.5383094121983274	Plasma
sample_ZW_U19_Plasma_53-5_fastq	4.311031606619647	3.959482080841415	-1.8344781765136502	-0.757472258868632	-3.275769330817675	-0.2553991062651782	2.7758634874638903	1.0293416645363558	-2.595033772445513	-1.8659514322019528	Plasma
sample_ZW_U19_Plasma_53-6_fastq	-3.0859745749229077	7.9004038618774155	4.028766616169976	0.1785645885103872	3.450782467706245	-2.8211734415512804	-3.5052246458632816	-2.912494853093199	0.17565572954899986	-6.661968216097575	Plasma
sample_ZW_U19_Plasma_53-7_fastq	-4.118742826318465	8.05863966061958	3.398192420001279	0.38634128620459923	3.6548099533514367	-3.179045140775383	-4.174469857031401	0.30615222848056783	-1.7336669475347934	-4.24981874543971	Plasma
sample_ZW_U19_Plasma_53-8_fastq	3.6078093231398314	1.9486218479225157	2.7271158802574447	-0.6765890749053493	1.234389490253526	-1.542948725072061	-3.5937219162594833	-1.0647291815755768	0.39757080430820696	-2.6262536082101735	Plasma
sample_ZW_U19_Plasma_53-9_fastq	5.601793913662636	6.392435570084071	1.9801065243185132	-2.7866359904737124	0.2195934298732762	4.272742411309674	-0.9088209330316804	0.9920596134709814	0.10158785849300295	-4.432061741892175	Plasma
sample_ZW_U19_Plasma_54-10_fastq	-0.7202923997321996	8.473071444781175	1.9976831119015341	0.8640399508297506	-4.66812150057332	-2.516481772123753	-2.7902568435674304	-2.5308316308355923	1.1619498000608601	-0.9088819587969922	Plasma
sample_ZW_U19_Plasma_54-11_fastq	-6.26012702339977	5.745806165127768	-1.0234557138783749	1.950230601846278	-2.5202557538082697	-7.950329185170536	-2.938649314671299	4.974193404624595	-0.8899742775747629	-3.324049685675831	Plasma
sample_ZW_U19_Plasma_54-12_fastq	-0.2758813147458537	9.856443675609784	0.9168635851750486	0.2986061371168693	-5.9685075098744	-4.531649386516621	-0.15040477928580281	-0.05723411830388431	0.6341219452974708	-1.1047285376630762	Plasma
sample_ZW_U19_Plasma_54-13_fastq	-4.493364570652887	6.561881213519035	5.565577086722696	1.414332157636684	-1.0461742945475723	-8.245006515261755	-5.315677225053949	2.0062329188639283	5.192312511866723	-3.93823512105765	Plasma
sample_ZW_U19_Plasma_54-14_fastq	-0.526622726068151	8.570113172054112	2.978678558297857	1.6018188167210539	-8.152599593369947	-1.8679093592271818	-1.03505908089585	-0.9537066843797039	-0.5157284244894605	-0.7757319361218151	Plasma
sample_ZW_U19_Plasma_54-15_fastq	7.183767517176931	12.131995472151065	0.9323061383467379	-1.5978754780742506	-1.7013861235693581	-5.905773800102993	1.4623284316894734	-3.655031799441353	-2.3864056679749512	0.16932587224280493	Plasma
sample_ZW_U19_Plasma_54-16_fastq	-0.8987550376536414	3.624368594407282	2.5815906481252644	2.5441611867619858	-8.370467374621821	-2.898884116822047	-3.288173155551988	-1.3799559820361114	1.9044055277524221	0.3521824334050766	Plasma
sample_ZW_U19_Plasma_54-17_fastq	7.703738203619982	6.5383418507835005	0.5675403192084197	-2.5641590386832807	-1.1184853903164569	1.4860767909088006	0.2705316628033201	-0.07216946731181034	0.8604637731480602	-3.6196695803424492	Plasma
sample_ZW_U19_Plasma_54-18_fastq	3.389507163173313	5.203259352437288	4.459014702954438	-0.11854707041655865	-6.224635049507882	-2.4265671761380836	-3.640753433690198	-2.344194985711221	7.017682269697665	-5.581981609000504	Plasma
sample_ZW_U19_Plasma_54-19_fastq	-0.9980691137020979	5.479923141675645	5.026072090173664	1.8599195821158052	-8.306516364882302	-2.6710640139729107	-4.302394214824556	-4.198726738224802	1.985806609471726	-4.397004104356179	Plasma
sample_ZW_U19_Plasma_54-1_fastq	8.065268707519449	4.098176324282961	-1.4420248549769359	-0.5598624054702583	-7.66680650749222	-1.319068428428349	2.043740548224608	-2.8323079877455517	-1.9155549151796811	-1.5339771966568423	Plasma
sample_ZW_U19_Plasma_54-20_fastq	-0.2474733444134826	6.517754531664131	1.1969285442610498	-0.4467829932071973	-8.513132643434192	-2.2139116360897355	-1.4333812341840344	-4.425779873596244	-1.0770519629823918	-2.8587458294682606	Plasma
sample_ZW_U19_Plasma_54-21_fastq	11.616253598200789	4.977230133310665	-3.0850450184441987	-4.748397910673346	1.8072375410496382	-4.926850897617866	3.2611665612345537	-0.9429837099220076	1.5759002368540334	-4.412690430131201	Plasma
sample_ZW_U19_Plasma_54-22_fastq	7.463307299325512	10.804151417720153	-0.7009098789444473	-3.686903524658842	-1.1553510272544099	-6.630920344987584	2.2212805691309456	-3.775425831156008	-0.6645054614267379	-1.5355763530211302	Plasma
sample_ZW_U19_Plasma_54-23_fastq	3.68874175318525	11.95279807830266	-2.4812152557263722	-2.783715016736926	-4.833717514165184	-5.389069880694332	5.312302688695013	-2.801143918344386	-2.5568766430489682	-0.41216346272953663	Plasma
sample_ZW_U19_Plasma_54-24_fastq	1.6144978554073386	7.39830842998374	1.3525379376991176	0.10713731484069434	-10.344048961742716	-4.59269741740151	0.6290459312339489	-5.000708264214853	-1.0582668056420994	-0.13581846806661735	Plasma
sample_ZW_U19_Plasma_54-2_fastq	-2.2597660628416576	9.51044399221627	2.2865511767049704	1.8358016143707299	-4.154893025590077	1.34071727398312	-2.768743022792023	-1.498059753506139	1.0357368405195135	-3.985639461485806	Plasma
sample_ZW_U19_Plasma_54-3_fastq	4.914025536750779	6.401480776282168	0.6783360110994414	-2.056372454497164	-3.4222342429830683	0.32895588378693275	-0.5075978621698408	-3.0491726890726487	-0.1338708501380634	-2.9876191181579275	Plasma
sample_ZW_U19_Plasma_54-4_fastq	-4.612258856468426	6.699160717258403	2.4850111195308675	1.7271084700085182	-3.637312186105679	-3.127527445103281	-4.559794806536378	-6.568122552048308	-1.8953273741936763	-6.387183526477011	Plasma
sample_ZW_U19_Plasma_54-5_fastq	-1.6694607458333355	6.158169478980982	4.30804991248774	1.8899098693013605	-5.896534175644982	-1.6326728773855381	-4.075498562803799	-2.215120228919887	1.241705343531377	-3.859110539878808	Plasma
sample_ZW_U19_Plasma_54-6_fastq	4.103778928178329	13.683857510780499	-3.6811353752565092	-3.8204007206877963	-1.21790190337041	-6.498622159685521	5.191740120471996	-4.579350827229178	-4.5480939427494596	-2.9994607737049304	Plasma
sample_ZW_U19_Plasma_54-7_fastq	3.6143192758994642	6.745557660675064	2.343945853378713	-0.8563078875980056	-1.2473932477134313	-6.383081768349072	-2.868178758910498	-2.5170302238604125	-5.713495899527244	-2.13095291790474	Plasma
sample_ZW_U19_Plasma_54-8_fastq	4.435034853257857	8.784852906924414	2.963535944242522	0.8868585303352915	-1.9140828868954487	-2.4214356181673695	-3.080342541240082	-3.0794330707825024	0.02032083573015037	-2.6195518960912603	Plasma
sample_ZW_U19_Plasma_54-9_fastq	7.280533321526582	1.7369431488403873	1.6721932205375802	-1.6211274614233466	-2.9221639456584296	3.169622007371511	-4.231951052702477	-1.0594773796023933	0.9442427512199761	-5.834575869054561	Plasma
sample_ZW_U19_Plasma_55-10_fastq	8.928752143284491	7.504145160540613	-0.9528964890993709	-2.056358351375741	3.3638475904601726	0.21538768964902968	2.566975888877526	1.0427603299166062	0.4471231099467838	3.8737991464737727	Plasma
sample_ZW_U19_Plasma_55-11_fastq	-0.07491716112970508	10.10624678710463	-2.347717788177829	-1.735537913934911	4.705916395831333	-1.653027794988937	0.062272045796581674	7.989667262388963	-0.7040501265148015	7.420677118310964	Plasma
sample_ZW_U19_Plasma_55-12_fastq	5.69493294518968	5.698753489795845	1.0053187038114764	-1.7325912553279927	1.2784839765373315	2.1871669004357286	0.8864970279484021	1.8106552179310413	-0.08492680484268934	3.8484049308438255	Plasma
sample_ZW_U19_Plasma_55-13_fastq	1.7337440413456635	3.605697852657178	5.557693803350347	-2.1498736046373472	4.319480517670621	-3.426724563352463	-0.08784961574060952	4.533138984976638	2.211500174861816	2.8161759354085913	Plasma
sample_ZW_U19_Plasma_55-14_fastq	2.413953489341637	1.2861850061210858	4.531092569563481	-0.24057899926798568	-0.44870122679529945	2.9072987613026497	-1.1550653520635588	0.7454904341425239	1.3461399197327537	3.0042590777481992	Plasma
sample_ZW_U19_Plasma_55-15_fastq	8.006693042820311	-0.07511925860280963	4.9172001055846755	-2.9936258234120823	4.476770417586124	-1.3971170319388577	-0.8738904612591663	-1.8858011205599656	1.7153191497156226	3.626508562131487	Plasma
sample_ZW_U19_Plasma_55-16_fastq	8.834556021207648	9.182777204236432	1.7997421327819398	-1.476971828153233	-0.4384700883268225	3.1882242573525086	4.07111445318778	1.7617426848758322	0.21022872105321658	5.4360435193185115	Plasma
sample_ZW_U19_Plasma_55-17_fastq	8.50118238356866	-6.095114647451799	15.062375926095676	-4.684438818059011	3.120733841701961	2.6281513618283388	0.7707653998803992	2.0445581412188134	0.932545829530134	0.972787255113505	Plasma
sample_ZW_U19_Plasma_55-18_fastq	12.44127805455187	-6.575585050674197	19.12756762068478	-5.89845636372834	-0.33356420945911575	-1.136311312763015	2.4815632199446416	0.9805641997433027	4.370556479060148	1.5180157062592428	Plasma
sample_ZW_U19_Plasma_55-19_fastq	-0.19966027275323725	5.7870871106101776	-0.5280255495366952	2.0557047222554976	-0.6028752315460586	3.0589594079402693	0.4824560831111528	1.0357452652031969	-0.42361556695244423	0.8496504941772685	Plasma
sample_ZW_U19_Plasma_55-1_fastq	6.814908888882115	0.9762765619452718	3.807561482481655	-0.7929000592097326	-0.10674109559329104	5.263106100951629	-0.3801290447758856	-1.1680243297272168	0.5474794462718509	0.9844693248527925	Plasma
sample_ZW_U19_Plasma_55-20_fastq	6.4721755877038305	6.006290808337335	-0.8715357521552566	-0.26918436189793754	-1.2099261190058614	4.988209380900367	1.7244983114172243	-0.8958263817272938	0.01295807782543346	3.6878121149031458	Plasma
sample_ZW_U19_Plasma_55-21_fastq	12.196307385715322	9.906468711980736	-2.3508850384028386	-4.943360253463317	9.675205874864936	0.1395902115411847	3.823698949398633	-0.5031750375671254	2.4547289907439036	0.7523670327887179	Plasma
sample_ZW_U19_Plasma_55-22_fastq	9.75296066849651	8.396409173871687	-3.234210021284987	-3.3706272668491697	6.409395732574754	-0.14227015246963134	1.7289367784418965	-1.4722517708180247	-0.8602022080418177	2.4861257421450493	Plasma
sample_ZW_U19_Plasma_55-23_fastq	7.3521361475647105	3.831138336407293	-2.9615298700277055	-1.3391444659116147	3.731569174673855	1.5478182329608117	0.8652450943697249	-0.7537996376539194	-0.9216340303040494	4.413319538185602	Plasma
sample_ZW_U19_Plasma_55-24_fastq	5.619909907879197	6.793701245261042	-1.1188809852997441	-0.5698441194375536	-1.4821127596800134	1.6061546177232662	2.719113451429967	-1.6693049492126415	0.8502237440630777	5.1764723462933455	Plasma
sample_ZW_U19_Plasma_55-2_fastq	6.227914982202446	5.483892758927738	-0.6559950734273219	-1.7338895658721032	0.401174924016262	5.735889794445604	1.998376370219675	1.4642763825796536	-1.1907917469990792	3.471772051622072	Plasma
sample_ZW_U19_Plasma_55-3_fastq	10.046278717684395	5.918317261964333	-1.5783147055938316	-2.7138015233236517	1.2737132051762408	5.395659701250434	2.3598460774842573	-0.4483829836080117	0.22423586220373443	1.6107826898083881	Plasma
sample_ZW_U19_Plasma_55-4_fastq	3.875389507865094	3.8502871598949686	-1.640646923381515	-0.5281612207279579	3.733538169141452	4.3590066872609405	-2.0519054785142647	-2.8987689955046267	-3.8774261699213635	0.520916816409267	Plasma
sample_ZW_U19_Plasma_55-5_fastq	10.017683818837913	9.360929926876093	-1.090335758138346	-2.480090429697268	0.5717930069158279	4.754403098717392	2.9840648075653804	0.6156115861138108	-1.992049707236174	4.086724956639074	Plasma
sample_ZW_U19_Plasma_55-6_fastq	4.267730731315172	1.4748612842268662	3.7848342996492477	-1.5192969676468828	5.718998902465252	0.3298416462254948	-0.5134918537228762	-3.0341950328645892	-0.535461277299597	0.7817101742915695	Plasma
sample_ZW_U19_Plasma_55-7_fastq	11.484205231787216	-9.789378261604394	17.516782160174827	-3.378958161697154	5.556289527850618	-3.8217162950307233	-0.7477922017625838	1.1038684259030427	-4.821259419483227	0.9198458812478951	Plasma
sample_ZW_U19_Plasma_55-8_fastq	8.477856343134473	0.6796447404263172	2.7895362914803767	-2.7215618919429927	3.7614423509222585	1.018294548123541	-0.353569513035941	-0.2953685468363427	-0.31589994268674876	2.090747278011903	Plasma
sample_ZW_U19_Plasma_55-9_fastq	10.56227297782322	-10.237497968254809	18.039178368330692	-4.329287605640738	0.18450360512361616	4.19652410876891	-0.3606197638502731	2.2780617785177117	0.22288024502235487	-1.0302967893074981	Plasma
sample_ZW_U19_Plasma_56-10_fastq	5.5426075897432785	3.900791205674496	-2.574780024566949	0.544072883979586	2.8078197755861076	-0.8202576775197732	0.35174335581079447	1.1382618983082429	0.7166531072858383	3.8569851879834154	Plasma
sample_ZW_U19_Plasma_56-11_fastq	-2.029486255205312	2.4682864969982994	-0.3576136786980501	1.2306864491426686	1.3819502415146936	-2.444863024585411	-6.2587020879981266	8.425549942392486	1.4180275634880244	3.7847288825406116	Plasma
sample_ZW_U19_Plasma_56-12_fastq	3.2041561442514546	1.7447047130413573	3.868093909891277	-0.4029559068801188	-1.3648688672330809	1.774167696437148	-1.1505931574632196	-1.1025751424679995	0.8954817134025951	2.89013548120378	Plasma
sample_ZW_U19_Plasma_56-13_fastq	3.7049953725732165	12.26620135418763	-0.46625006680060543	-0.002627293637717734	6.166499239832853	-1.2913557675451317	0.7304900032439429	3.397953357358802	1.1545576330316845	3.6708045942931027	Plasma
sample_ZW_U19_Plasma_56-14_fastq	7.438622015729993	9.28497507823444	-1.40140018830311	-0.42773335642954563	-0.9893536239650559	3.490234707058069	2.121456748136964	-0.3528495744276469	0.36950285280048817	4.4216086718668555	Plasma
sample_ZW_U19_Plasma_56-15_fastq	9.550356735617235	4.808807990214797	-3.8450210967595826	-2.3042252267594994	3.913710627247333	-0.9829482203690725	1.4256549514368777	-2.4556724496077234	-1.2895374780680198	4.19647426645819	Plasma
sample_ZW_U19_Plasma_56-16_fastq	3.155740271096642	1.153577316638208	2.088052127839609	0.453656163562713	-0.35081676169637654	2.4510991157895767	-3.1351427095466575	-0.9846996432976038	2.5434566494335114	1.8106719067291348	Plasma
sample_ZW_U19_Plasma_56-17_fastq	6.599816606379835	5.9054483814812615	-2.4750595068248122	-1.6587921297789077	3.652802761714414	6.711181959389091	-0.6343834250300042	0.7608778712658292	0.31896750913668154	-0.12725403195142734	Plasma
sample_ZW_U19_Plasma_56-18_fastq	8.335732510981058	3.1420111926103305	-0.7699073388244084	-1.3251153741936734	-0.028950428882978958	3.3509210659291955	-0.4565795976914089	-0.3013007801922147	4.297047394309302	0.06944921362437376	Plasma
sample_ZW_U19_Plasma_56-19_fastq	4.231213423431059	6.6942099497492675	-2.163611972194386	0.2475114552551576	-0.8045549889967618	3.6843121682597477	0.18324204333397046	-0.8083600335711271	-1.4548302133007882	4.067258595532937	Plasma
sample_ZW_U19_Plasma_56-1_fastq	7.743208118977661	-8.702904890377031	17.04546029936413	-2.589233766029159	-2.9212107998425614	2.1869104440474016	0.26685887213020093	-0.45140094435260814	0.0021960190801113932	1.0330752021561258	Plasma
sample_ZW_U19_Plasma_56-20_fastq	11.997504566866661	-8.585134284664377	18.45976398858836	-2.4316633611823155	-2.6290342746310134	0.3569508616340201	1.7271570347774443	-1.112156136363917	0.4625307690880006	2.3345540531256437	Plasma
sample_ZW_U19_Plasma_56-21_fastq	6.79251984156929	6.809417929403856	0.4873308351674992	-4.305804340243907	10.497967558575	0.8123244083512821	-0.31327313659930883	-1.8394588069358282	5.072815017819245	-0.499820381797303	Plasma
sample_ZW_U19_Plasma_56-22_fastq	4.906183737195735	4.284520506476235	1.1456249853398854	-2.471087996963085	6.017853132371717	0.1683232352943106	-2.436294436091162	-2.2176372794371955	1.3683670430497776	0.8272730144593304	Plasma
sample_ZW_U19_Plasma_56-23_fastq	8.85245193630003	3.1992712539273596	-2.15406845368305	-2.105586022962181	2.4499690114473216	1.8557034342501784	1.375106834990271	-2.8572878431020476	-0.8714389583704181	3.668398307370638	Plasma
sample_ZW_U19_Plasma_56-24_fastq	2.492917607716269	4.86762770648004	-1.54610930809471	-0.3706148146641844	-1.4540330480521955	2.574094262198873	0.8004522572330882	-2.8715194588358433	0.6013448927702347	5.937146096430055	Plasma
sample_ZW_U19_Plasma_56-2_fastq	4.224063879003997	2.188027358169438	3.662381416390084	-0.10399407382295643	-0.5133487395894273	6.407643599058	-0.9694426930417157	0.4230509713468158	1.2999176164315953	0.8872929892508042	Plasma
sample_ZW_U19_Plasma_56-3_fastq	8.871554802650195	10.968766175818457	-0.7411099951690727	-0.7716462859816303	1.0725533284444213	5.580028042862057	1.8890324367505127	-0.2805966072668809	1.2705331568792273	0.7756544289459613	Plasma
sample_ZW_U19_Plasma_56-4_fastq	12.078646402446656	-8.882019965181414	18.06816336878718	-2.7232967975651188	0.9177746721116583	-0.2866997600856923	-0.0932888120075873	-1.65225071619095	-2.630080266405237	0.8554090102717158	Plasma
sample_ZW_U19_Plasma_56-5_fastq	8.95978825842409	8.54078872012321	-0.5100278238912391	-0.9568762307337836	-0.41606581274157073	3.8912721911991075	2.5590529526113586	0.052214641804052685	-1.1261707121641136	2.8065869114643047	Plasma
sample_ZW_U19_Plasma_56-6_fastq	4.980425800296633	2.4246016894258333	-2.141809366994956	-0.2668017281088749	6.13756086749233	0.21460923522700986	-1.409490602144882	-2.27901495800338	-0.4132426299380115	0.23293633895293425	Plasma
sample_ZW_U19_Plasma_56-7_fastq	5.333718676362918	3.678442355366727	-2.918213074746361	-2.012266462483423	6.901877863350718	0.24085278668864732	-2.6867521139323283	-1.0104408682224097	-3.871026945135281	1.374477553207064	Plasma
sample_ZW_U19_Plasma_56-8_fastq	8.834862606964851	5.1796446131062135	-0.617092984698392	-2.8708664141083613	4.047527296525897	1.0203728203324138	-0.39137165788091555	-1.3446080654291224	-0.7470493956098916	1.0365886374859665	Plasma
sample_ZW_U19_Plasma_56-9_fastq	10.854867452694663	-6.651966362610627	17.346751553693892	-4.250632658179689	-0.13278810472784297	4.915443431913653	0.2227724815677759	1.5245217192098313	0.4710862918424067	-2.06267911897648	Plasma
sample_ZW_U19_Plasma_57-10_fastq	-4.302722369735054	10.452681544526463	1.2075217961510074	2.404802462883287	0.4001049125250762	-2.1867737295008958	-0.7828109952950632	0.4456195623367777	0.3414502570384774	3.5800147560512823	Plasma
sample_ZW_U19_Plasma_57-11_fastq	-15.61032297018715	5.281737455186344	-1.0926772458228027	4.232219556110587	-1.0662535016200687	-4.3058803499038545	-1.4680953820625664	4.750120648130184	0.25273383902875773	1.455882860838757	Plasma
sample_ZW_U19_Plasma_57-12_fastq	-6.396792788111662	9.240193331233685	-0.17563927139622715	4.551595597927383	-4.073014372352003	-0.729495312907317	-1.5493546533244633	2.6966614210671818	1.6553734342217419	2.6366449843574604	Plasma
sample_ZW_U19_Plasma_57-13_fastq	-8.468683045048476	5.790995325575858	-0.7980110731099948	2.9665307566632775	3.33417198085905	-5.3518755648323175	-1.400840140871546	4.892656545103835	3.143286498059635	2.111027045634642	Plasma
sample_ZW_U19_Plasma_57-14_fastq	-3.6694081496779005	12.344698908511708	-1.7623929282955382	5.740199047098751	-3.1380072058494592	-0.4781572528371943	0.8729051476947886	3.0618450422630414	0.6105194992930166	5.887893837524659	Plasma
sample_ZW_U19_Plasma_57-15_fastq	-0.025430930520009724	8.234957135298888	-0.20929149901487307	2.1288433036135443	2.346624414431458	-4.196043582861548	-2.293645317032237	-3.262317211779366	0.9737931147298818	2.2358588255099736	Plasma
sample_ZW_U19_Plasma_57-16_fastq	-2.724814390036317	9.19125253083449	-0.46511370335766766	3.449991718041952	-3.0554420664776414	-1.9778570955063768	1.3532708565550746	1.9828489931035909	1.7012586462034087	3.1531996228898143	Plasma
sample_ZW_U19_Plasma_57-17_fastq	0.4143014341121796	3.0578244293874803	0.6316792135949159	0.00641920795005565	2.920259127249211	6.390019759149699	-3.442024490578266	-1.4971037513366583	0.9170552812154829	-2.654894792787296	Plasma
sample_ZW_U19_Plasma_57-18_fastq	3.5706701583263234	10.70795588151611	-2.084935653122969	0.5325962525646564	-1.2494394677825817	-0.12400898650967941	1.8065570775814501	0.3634244058327968	2.475797578211497	0.7949989329765351	Plasma
sample_ZW_U19_Plasma_57-19_fastq	-5.893460822893298	3.7320405417732467	-0.6451038779173249	4.204960223507029	-5.538531481215615	-0.23142612249268202	0.5758829650226523	-1.3998410196386166	0.19533595115614696	0.8347210361081898	Plasma
sample_ZW_U19_Plasma_57-1_fastq	2.645105180323981	6.899657829352693	0.8087156616650378	2.151345856315718	-3.2472528803745178	4.543306276769898	-0.6907260063803352	-3.128202431293544	-2.2078245300782764	0.7654451572357792	Plasma
sample_ZW_U19_Plasma_57-20_fastq	-0.8603067693047137	4.8469324929577215	-0.46895439644396436	2.75891788790111	-5.596622681875545	0.990754213659391	0.7203062617519839	-2.8573515267972573	-1.0215555026028078	1.9931885108601157	Plasma
sample_ZW_U19_Plasma_57-21_fastq	8.84343537167852	12.239282787343233	-2.503711529938516	-3.6864176046308463	7.562768718657351	-0.3560266081884953	2.9471769096657168	-1.6545255804094945	2.147417643979064	-0.7937950998475845	Plasma
sample_ZW_U19_Plasma_57-22_fastq	2.556569406655316	3.8256066407669267	4.829249745592883	0.024504271661179387	3.480006109737547	-4.393851281693229	-1.9307337095747068	-3.1788720929886694	1.9566766720438966	0.11621356038028381	Plasma
sample_ZW_U19_Plasma_57-23_fastq	-0.9424524735106092	5.74019417107806	-3.9459107371754323	3.251451590877227	-0.2462929518694502	-3.4596220641418873	1.131315538227319	-0.008061196561307622	-3.403183577275962	1.8375004746283052	Plasma
sample_ZW_U19_Plasma_57-24_fastq	-3.5309022527608036	3.4978574250107366	3.2284347693818347	3.524570475384016	-5.7761464640152855	-0.6165185070298091	-2.0225549798297924	-3.5692776240410153	1.256828877399988	3.939665404271239	Plasma
sample_ZW_U19_Plasma_57-2_fastq	2.0577566203428117	4.566172287017964	-2.6590744661374295	1.3031162129968423	-3.649249120095134	4.596369164869756	0.7690876048313513	1.313910187101169	-1.8188200863913293	2.4507548990111956	Plasma
sample_ZW_U19_Plasma_57-3_fastq	2.841924773521433	5.863584371059507	-1.5843829300168435	0.8022363835124997	-1.5348368604766185	4.060030693212112	-1.2275065321777905	-0.5287208765014803	-1.2866512328631121	1.124314309635651	Plasma
sample_ZW_U19_Plasma_57-4_fastq	-0.798835243609176	7.414943973102756	-2.6445219288516806	3.496973624464421	-0.055156845066698226	-1.2798374626072577	-1.3403494007540113	-4.080635684725194	-8.342545650159698	0.8705451309537438	Plasma
sample_ZW_U19_Plasma_57-5_fastq	-0.6456442305965149	11.039802434032556	0.7726203411248402	1.6551559480477058	-1.542454722899643	1.9214877315084093	-1.0064122160071165	-2.616388496721097	-1.4658492508735397	1.3459658153593679	Plasma
sample_ZW_U19_Plasma_57-6_fastq	-6.180435377979938	7.562504622036412	0.6907240733299508	3.5262253530602132	3.331485248545517	-2.5549571337314436	-2.802360739699878	-5.515103363178599	-1.7505559365952434	-2.772082910614796	Plasma
sample_ZW_U19_Plasma_57-7_fastq	-3.6226376745155324	5.813729437440973	-1.7859139583860342	2.1332432526255714	3.7423354469636956	-2.311064505002106	-2.861293448837548	0.20509173978597484	-7.8600866015811945	0.2746935403544267	Plasma
sample_ZW_U19_Plasma_57-8_fastq	4.925778077248944	6.89713411531406	1.2562968847219398	0.3472993959332978	0.855240735702035	1.1904619107528103	-1.5580306883752642	-1.231720690641403	-1.1451309008826829	1.3199839728745837	Plasma
sample_ZW_U19_Plasma_57-9_fastq	5.893478961360275	8.961090664833618	1.1736707706027116	-1.9421800848950717	-0.2849989101594679	7.748361735974557	-0.5510324916510931	0.44753226114112277	-0.31353253661606073	-0.8733381906063249	Plasma
sample_ZW_U19_Plasma_58-10_fastq	-13.030803484951404	8.86246604013899	-2.117748409339698	3.2073086021369996	5.202240893517037	0.1635191770592824	-0.6716735492831952	-0.7368215679877362	2.8987298938413653	3.0023391545033	Plasma
sample_ZW_U19_Plasma_58-11_fastq	-23.970740398661288	3.622284275703125	0.005997755292080879	1.420639520826601	4.1415629291789555	1.5400490730697625	0.5366959635949327	4.871483390083065	2.8573087767478134	4.51576953055479	Plasma
sample_ZW_U19_Plasma_58-12_fastq	-18.251697885645605	6.016085504870344	-2.561362510442351	5.938665567372814	0.748209603909331	1.3982746959503796	-0.48821665182183294	1.5178995665744905	0.24378801397609995	1.6837532875109862	Plasma
sample_ZW_U19_Plasma_58-13_fastq	-22.196245514559603	6.9087910179804535	1.668699044689624	1.1614304655805974	9.136580046969813	0.46543003939010935	3.9517306590624703	6.7049728153253065	0.9065755728541196	-0.42295025913786816	Plasma
sample_ZW_U19_Plasma_58-14_fastq	-13.207626924247867	3.474116221667168	1.1196293100965673	5.054598905871938	1.238605081182756	1.425753668953235	-0.852285063359313	1.8597991861432908	3.409538115914379	2.741681891739538	Plasma
sample_ZW_U19_Plasma_58-15_fastq	2.681206395691304	-4.7008533008858056	16.609627525370904	-0.4049893571100543	4.865811942307305	-6.458058148110723	0.012721643258563554	-2.573874340151317	0.7275983419133253	3.5482356824904557	Plasma
sample_ZW_U19_Plasma_58-16_fastq	-6.193982767751672	1.1406932152605405	2.4206123102774484	3.6638971099085405	0.9627632378439951	1.7912403183688363	-2.1491040510569355	2.552886159764071	1.6981570505431864	1.6883481414406727	Plasma
sample_ZW_U19_Plasma_58-17_fastq	9.218120076032895	4.975293895053306	-0.6458877565071043	-3.901032727291275	5.113475226269793	5.153608803258786	1.8079243564455427	-0.1137163180828866	0.030555575095825172	0.8547964633793844	Plasma
sample_ZW_U19_Plasma_58-18_fastq	8.377627801097056	-6.413580706188197	18.236717904242777	-2.849042827523485	-0.25139639932869723	-0.8915790237887512	-0.03356405139845769	1.3491731936630547	5.827888988779035	-0.419851240116539	Plasma
sample_ZW_U19_Plasma_58-19_fastq	-18.39453737195525	6.855732119404157	-3.4668710177820015	5.547151406159419	2.130277329330349	2.7349623237271334	3.821420178872357	-1.3315112362050812	0.2293325294192131	1.7499150320502743	Plasma
sample_ZW_U19_Plasma_58-1_fastq	4.886687484371493	1.1777170948434208	-0.8019110635303991	2.532409290829419	-0.05992276952927918	4.078829789473015	-1.2885032586264098	-2.2287505183610783	-1.5254294914477537	1.688345405629051	Plasma
sample_ZW_U19_Plasma_58-20_fastq	-6.439401749222617	5.022366862949629	-0.6624488041192637	5.567563852607616	0.8477511369355808	0.6372855195864503	-0.8814338971263487	-1.2991575188390627	0.9782217262756219	1.6922340967755571	Plasma
sample_ZW_U19_Plasma_58-21_fastq	8.694860713577956	10.828272167965268	-0.10615984095956486	-4.389712411386997	12.140314608318423	-0.30537533167700315	3.207876945101627	-2.6006434755992855	3.7319275533814147	-0.5842351966337023	Plasma
sample_ZW_U19_Plasma_58-22_fastq	-8.63349417003481	7.727300013166172	0.7805013339982771	3.555549328065289	8.107197253974833	-3.2601203614581373	-1.4785586024252833	-5.574560146371918	2.2445407983793477	-1.9259504084126773	Plasma
sample_ZW_U19_Plasma_58-23_fastq	-9.842878080669864	6.499113172315555	-0.25491575507684605	4.525554284534271	3.107372779469419	0.5554540090983736	1.8936259599518788	-3.3257405182719566	2.8459619021794524	1.4646742014575602	Plasma
sample_ZW_U19_Plasma_58-24_fastq	-15.49797344232002	5.821202245690592	0.24287727334711948	5.330169831019088	-2.311107896736122	2.2431129108823833	1.0102030626151952	-2.3302241947412807	2.525258922184898	2.338352009752275	Plasma
sample_ZW_U19_Plasma_58-2_fastq	10.956625299466111	-6.590966944754792	16.470827737718498	-0.977779775721551	-1.4233806859966183	2.897982203872796	2.8466925165815136	0.5742009911365331	-1.3432742706414054	1.5377628884579033	Plasma
sample_ZW_U19_Plasma_58-3_fastq	11.264307670633622	-6.734813962927135	17.220658339423522	-4.59893523444782	1.5242512256773337	1.2432986262175647	1.0735258215584647	-1.9272857404997443	1.1723706360890231	0.3921947945633442	Plasma
sample_ZW_U19_Plasma_58-4_fastq	-10.579218699724295	7.480029660941809	0.35579977249971423	5.697944162512436	4.7416693833654575	0.36032955689868085	-2.4427622558202198	-3.5350080554277237	-7.192255555403801	1.0780972309897783	Plasma
sample_ZW_U19_Plasma_58-5_fastq	0.8089309772590958	-0.7898332551395777	6.255358164106736	2.753065448566029	1.3688111613056766	1.1165090383624685	-2.0852685583428623	-0.16717321045935302	0.6714555735461926	-0.14202773113036163	Plasma
sample_ZW_U19_Plasma_58-6_fastq	-13.433816062973667	3.235315412521771	-1.6569119455764019	7.415091496420455	8.783241166673111	-0.07128750806454154	-2.986869843398462	-5.303362470349646	-2.0151395366191323	-2.566487904599081	Plasma
sample_ZW_U19_Plasma_58-7_fastq	-15.495915974312426	0.47423330872935154	-1.9889479489112432	6.389257620260237	7.492910001691006	0.16653289809732996	-2.649642451386306	-0.5820254767363274	-5.768992923852911	-1.2856987010565768	Plasma
sample_ZW_U19_Plasma_58-8_fastq	7.36742912471872	5.230110359587781	2.912285532340369	-1.421744878466742	4.5008899678169705	1.9262096979296006	0.48295801058798893	-2.455400527903264	-1.0197522485292998	2.0923530526581353	Plasma
sample_ZW_U19_Plasma_58-9_fastq	7.1869116767968135	4.126626939832634	-2.9205140968743755	-1.9450067298004061	1.0569408009269354	6.575076348785509	-0.7000219635386935	0.31970358752691885	-2.790015246994106	-2.815762311127242	Plasma
sample_ZW_U19_Serum_59-10_fastq	3.292562148539814	-9.541113905191947	-12.29013908403768	0.27245795076142765	-0.5691364642297283	-6.657713237167065	1.8241293265909202	3.3930715332347487	-0.7514768605462473	-1.5181570710483066	Serum
sample_ZW_U19_Serum_59-11_fastq	-2.589261736416777	-6.229111816255966	-8.54564937181071	2.5918360609469233	-0.150926254376198	-7.419852576028107	-2.178326249747004	7.198125434749591	1.5917788507434045	-1.531723348931337	Serum
sample_ZW_U19_Serum_59-12_fastq	-1.7850086490203985	-8.374647129931384	-4.402251762474846	4.305159083532729	-3.7339237154034435	-2.369660892259863	-3.651355185746056	3.759112242746225	1.6894141766735187	-3.975920077837795	Serum
sample_ZW_U19_Serum_59-13_fastq	7.387721578745453	-11.604675013616294	15.59830808448303	-3.8223238734617087	1.2371275079821773	-10.123369042868205	0.7347035589386265	5.878895093709421	2.9513401272516897	-0.7236161511234668	Serum
sample_ZW_U19_Serum_59-14_fastq	1.1573343916346732	-9.123310657867725	-7.564443905937347	3.6484415895474682	-4.91883437261806	-2.0710584179366154	-3.45428498086927	3.3637784452630872	0.9300434943830921	-0.4682670512608847	Serum
sample_ZW_U19_Serum_59-15_fastq	7.381237275251215	-5.963803264471645	-5.4307401631018815	-2.013641398189113	-0.3581126517374014	-6.661931780888469	1.7859405022227741	-0.6106958316471249	0.6163807453339623	-0.31527381686438294	Serum
sample_ZW_U19_Serum_59-16_fastq	13.502578618019156	-9.513660331386928	-16.56300731455355	-3.1386583402054615	-4.280964771741392	-5.898480233023351	9.644011041654672	4.780439524024674	-1.3617063280739634	-1.1889446143891766	Serum
sample_ZW_U19_Serum_59-17_fastq	9.941643712322142	-5.946721992762192	-4.356919997755197	-3.439704624639547	1.0653267127141912	2.9013748299073954	0.021682935413964145	1.9321721433246848	1.463718774450007	-3.139465518510775	Serum
sample_ZW_U19_Serum_59-18_fastq	8.957294244550882	-4.5315523084824685	-7.175425530798928	-2.483702184740838	-2.804285607843055	-1.1863055099943076	0.6433294814523813	0.7784998843404558	4.2227543954112425	-3.261030442586325	Serum
sample_ZW_U19_Serum_59-19_fastq	0.4278273550771161	-8.870524340571741	-6.594627469507162	3.399825551243048	-4.529044581193513	-1.216184158727949	-1.9588427676281233	-0.34018837468425916	2.614668786902375	-2.258906200182102	Serum
sample_ZW_U19_Serum_59-1_fastq	6.066242168094994	-6.066795898347914	-2.619608363920885	0.6322866522199873	-3.849293145954984	2.049155551570881	-2.8052728632261448	-2.221168849508272	0.5065348082654922	-2.893709255896254	Serum
sample_ZW_U19_Serum_59-20_fastq	7.536809571970024	-8.339299615579403	-4.785405427175558	0.0464649457718139	-4.835470032088943	-1.8076451625458936	1.7248634104799014	-1.6266704737157356	0.6164167573395918	-2.5289093629587285	Serum
sample_ZW_U19_Serum_59-21_fastq	14.965138132084695	-12.361241822900448	8.676536453183008	-7.227780628353631	5.029254939078824	-6.2863729661997585	2.9450012736551066	-0.5723627616235529	3.1074572574082375	-2.628161869035333	Serum
sample_ZW_U19_Serum_59-22_fastq	7.121614631313798	-5.214904486004863	-5.846909642408553	-0.8710987802961547	4.717306765073076	-5.311009926043119	-2.4878825008104117	-1.2334196915691524	1.3251900731221398	-1.9213033817174145	Serum
sample_ZW_U19_Serum_59-23_fastq	8.842706803639164	-9.916798445046428	-10.604983559147762	-0.4017503917507314	-1.4290382772221983	-4.804482178183031	1.3425108647853587	-0.49062879435482193	-0.2833465578493446	-1.5620296549183514	Serum
sample_ZW_U19_Serum_59-24_fastq	4.396959310978898	-6.574772434032526	-0.0769453036907408	0.8465730546091857	-5.861020655226563	-3.020818725797073	-0.3753490786657707	-2.417608016938823	2.3027924738293417	1.1201376970778192	Serum
sample_ZW_U19_Serum_59-2_fastq	6.851394983903594	-8.964690705337675	-7.743553528840059	0.41761851317780335	-2.7427713149631954	2.109962611882725	0.10047073086920424	1.6168413041137302	0.8532530319946751	-1.9780773083551033	Serum
sample_ZW_U19_Serum_59-3_fastq	13.343307413428052	-14.105931286207593	12.417429614611656	-4.586062547503241	-2.5836959385741354	-2.3964451233596553	1.1319931773441736	-1.394726583488895	1.041720641753965	-2.299973311047841	Serum
sample_ZW_U19_Serum_59-4_fastq	14.165696931570288	-10.882623816719768	-17.6969488227392	-3.3425545326035944	-1.745536267711483	-6.554597284025892	9.294461132300794	1.2193778449835866	-6.588770490701835	-3.0789110569125144	Serum
sample_ZW_U19_Serum_59-5_fastq	4.7648441326729385	-9.820256748465255	-1.7554399238626757	0.34256578711880187	-1.9596310739371212	-0.29809263150552656	-2.8535687712307984	0.05675648121174996	0.9403818553993523	-2.044023174363175	Serum
sample_ZW_U19_Serum_59-6_fastq	2.273067279345021	-7.468525015846315	-4.096611743418916	4.2450445318395715	4.977971218536398	-4.3536817655750015	-4.722050265360162	-3.33142423384588	0.014465362055671071	-3.245993155160612	Serum
sample_ZW_U19_Serum_59-7_fastq	6.07502916949154	-9.209922549757042	-7.732329423724088	0.6159978140595255	4.202222913358177	-4.1365526244612605	-5.28974837143941	1.910327822911501	-5.651665367743755	-0.6808618123133556	Serum
sample_ZW_U19_Serum_59-8_fastq	15.058925766275587	-9.974831999010323	-15.992364312295528	-4.6835851390293985	-0.42556265446416885	-6.005693840335767	8.928569769070583	2.860562205719825	-3.9583608323249537	-1.725402552192828	Serum
sample_ZW_U19_Serum_59-9_fastq	9.793450197035025	-8.032382163110574	-5.452512660762756	-2.9593860503045843	-0.4308495515204342	2.8634710491573223	-2.6507275574680222	0.5464435037213856	1.3385163723900484	-6.162122344599486	Serum
sample_ZW_U19_Serum_60-10_fastq	6.634495415359885	-6.840635621884382	-7.572255883950288	0.11735693303159814	-0.3076172102240237	-0.804700652471133	-0.07399938543714468	0.9747599185637904	0.07078924944398307	4.371310647547884	Serum
sample_ZW_U19_Serum_60-11_fastq	-5.176381806560049	-8.347633478616094	-4.0618948316943095	6.2303711449126125	1.838806887169196	-2.1482877572292156	-4.407308518080828	9.155845247181347	0.12114111669911393	2.4225258193821784	Serum
sample_ZW_U19_Serum_60-12_fastq	9.17529335847211	-14.287971300822791	11.971567985981556	-1.3236213046932455	-3.3074018895600785	-2.585848583808317	1.9168035682353861	2.2081636225063628	0.22508791044635795	3.5261991767485132	Serum
sample_ZW_U19_Serum_60-13_fastq	4.4686766041156645	-6.713651847599476	1.1717091347265396	-0.47809151456616444	5.069357429133159	-2.7506336203648765	-2.628700163007831	5.00448601447989	4.929384072627414	1.9979790916080373	Serum
sample_ZW_U19_Serum_60-14_fastq	10.672826050927977	-14.837778401620275	15.324484999360221	-1.7275831564820112	-2.9179226169735677	-2.115941423842133	1.8353840983126912	1.5342201934976818	1.1625723107152304	4.628195452469477	Serum
sample_ZW_U19_Serum_60-15_fastq	9.034941345525459	-9.226150756979518	-3.370133716438641	-0.27206306539245595	3.2800839582375607	-2.3532566916977906	-2.3073468070662266	-1.7353122998467465	1.6015191443757741	2.092242031705088	Serum
sample_ZW_U19_Serum_60-16_fastq	9.315868569752029	-12.015758961843899	-9.471036872199184	0.9234950879283134	-2.4228265231793698	0.961389816242738	2.3177386384291006	1.9583131872549635	0.24549928884721872	1.8045404583941507	Serum
sample_ZW_U19_Serum_60-17_fastq	9.746498820716031	-11.119276150956386	-12.072894110116916	-3.105111763511519	2.0212675305114107	3.671467532005021	1.7820102029097953	1.3530285656704355	0.3122882980977302	-1.5235497301286303	Serum
sample_ZW_U19_Serum_60-18_fastq	6.1863621243438205	-6.944528250445233	-2.5546884509769714	-0.728119074358359	0.12121949737724631	1.9387114873056461	-3.3290059216209418	-1.309374689795408	5.617757123886442	-0.012141928836262687	Serum
sample_ZW_U19_Serum_60-19_fastq	4.348251555798429	-11.305630033632895	-8.815296631960202	2.4440871824252897	-1.0469910664911042	1.1605504034094445	-0.3317480568033915	-0.17861491144776062	-0.9200435657979699	1.6765539486083427	Serum
sample_ZW_U19_Serum_60-1_fastq	8.682838700401307	-11.20560072804756	-8.924143774501132	-1.0333680960138258	-2.8769607482446187	3.730235137360769	-4.596634476072373e-06	-1.2973388508952757	-0.4695193257620825	-0.1632486052633698	Serum
sample_ZW_U19_Serum_60-20_fastq	8.167055730600474	-10.44193476422311	-3.1278439252202808	1.4721445992351383	-2.786974740538045	2.6822165798818367	-1.2759300283210888	-1.859891461355955	1.3722374958034116	2.2109856914277173	Serum
sample_ZW_U19_Serum_60-21_fastq	12.501071270214275	-6.641659281749577	-4.464693456025821	-4.573419919609266	7.633625773420973	0.003888225448432669	-0.08220702111094425	-1.3640890374760481	4.2050250606483095	-0.6732776632851211	Serum
sample_ZW_U19_Serum_60-22_fastq	7.437075910618463	-8.43348642136329	-7.786821360876606	-0.9824425687018474	6.384716660304353	-0.8288867342510347	-1.7049912941215435	-1.2547365253638767	0.3083380285056258	3.1273731487751144	Serum
sample_ZW_U19_Serum_60-23_fastq	3.720362809402927	-8.883267591383841	-7.483439600899453	2.751849477987461	0.6369212104800991	1.8196624201830605	-1.068311873042169	-1.9787077968201998	-1.5948920392547643	3.7151985050484813	Serum
sample_ZW_U19_Serum_60-24_fastq	0.08056496957411169	-10.199738467568018	-3.284309308730186	3.959260243301216	-3.079386643493081	1.2651731573658123	-2.3964412825085377	-0.8147372134478985	2.5943846389003866	4.530261203983329	Serum
sample_ZW_U19_Serum_60-2_fastq	7.717313668440587	-8.473386283800107	-3.6307555063950563	-0.2786585469758866	-0.5958990635124722	3.542295067637582	-0.5834677305921098	0.996187596519032	0.9617704179931483	1.3779990020976787	Serum
sample_ZW_U19_Serum_60-3_fastq	10.605183137354866	-8.299040437912083	-3.9247658346816	-1.79018159395554	-0.42111637498699006	5.983788101797202	-2.404534300028925	-2.2018183862966705	1.728889180832307	0.3160241654241604	Serum
sample_ZW_U19_Serum_60-4_fastq	4.720208941871712	-7.9064332071606405	-5.069336596748524	2.2670891129674233	1.7125340982607817	1.6302394784987646	-4.426371340153216	-2.5683569516824387	-3.6967526004753184	-0.6951999386260591	Serum
sample_ZW_U19_Serum_60-5_fastq	9.140518340827757	-11.491481937293562	-7.62421313752011	-0.914878578230429	-1.0031924241626269	3.0231770417043387	-0.3666054882532606	0.4212508430195146	-1.418118043990257	1.8756691817644051	Serum
sample_ZW_U19_Serum_60-6_fastq	12.116291568027663	-14.747594531030485	10.193029375974268	-1.2274506489747705	3.8903117392829736	-4.463991325928715	1.5976537161817812	-2.8016553608873007	-1.8461195415634566	0.04349052479655429	Serum
sample_ZW_U19_Serum_60-7_fastq	8.014384184475226	-6.910186889797265	-8.902465073823198	-1.0190851653609085	4.48955569938352	-0.8995167439534704	-3.6299721613555818	-0.20285690438860668	-5.463414448095568	2.087634915816833	Serum
sample_ZW_U19_Serum_60-8_fastq	10.991001334985084	-6.577556291996615	-6.471275622077278	-2.1903006539803256	1.9262022066515398	2.440657206087177	-1.915969124809591	-0.204010529027095	-1.3234748344040888	1.985594336630168	Serum
sample_ZW_U19_Serum_60-9_fastq	8.864442430173309	-9.700664751730647	-3.4307758203407785	-2.3623683786722522	0.06981819629612077	6.0827181443442315	-2.6666995428549867	-0.06385707687561412	0.4160031233397421	-2.5935178580100313	Serum
sample_ZW_U19_Serum_61-10_fastq	2.7490595455698394	-6.15970831688188	-8.91795037982525	2.0602544765208797	0.7174983205840549	-0.5551325796336599	-0.4354018183546057	1.201970349405214	0.09712538033554162	1.4563941815037271	Serum
sample_ZW_U19_Serum_61-11_fastq	-5.052027991754817	-8.223122624806685	-9.917177126747369	3.9921583905306623	1.05637115521796	-4.191506384829312	-1.7803068476884532	5.922017124152698	-0.2325369971160353	1.8989327336693034	Serum
sample_ZW_U19_Serum_61-12_fastq	7.116011655091765	-14.596182832637554	12.20308082554615	0.5830346034260206	-3.8167050412338837	-4.811119330222175	2.383697507412905	3.627345840493899	0.776877613590809	3.562614809004772	Serum
sample_ZW_U19_Serum_61-13_fastq	-5.358583294513385	-4.634385787322959	-5.065889169445547	4.100265719473587	4.759296745481084	-5.189124474681809	-2.4902263426818654	5.712884188417778	2.7048766428073923	1.453413324519051	Serum
sample_ZW_U19_Serum_61-14_fastq	7.6410701036085085	-13.427845193424009	11.440357742798907	2.2535616152278415	-4.835726113193774	-4.111275250833371	1.8717381320433348	3.7034711545321906	-0.30703139064678525	4.849296346922579	Serum
sample_ZW_U19_Serum_61-15_fastq	5.307772754010601	-8.810185825369292	-3.638025762205205	1.639412332673151	1.948941762505404	-6.104966506653783	-1.2775121160346814	-0.709761643796361	1.7617298317835282	2.674265211552933	Serum
sample_ZW_U19_Serum_61-16_fastq	4.816411336764734	-10.628643788799863	-7.855724722274376	3.5168572274043512	-3.8474817725921926	0.9099466149190212	-1.114290505933502	2.926662260099236	1.6136991208005962	2.33129679510217	Serum
sample_ZW_U19_Serum_61-17_fastq	8.880884951723843	-7.730007106501253	-6.787458700999807	-2.1558306376066616	2.6418825329180438	4.537335881270527	-1.3878575251128533	0.6700781815441386	0.7184949535359998	-1.371811126502813	Serum
sample_ZW_U19_Serum_61-18_fastq	8.287045284856228	-7.811931566146403	-1.167655516721788	-1.3619699733633255	-1.7670473652660967	0.5284559137656241	-0.4881004784693595	0.4803921408212015	5.868797363354857	-1.8534206436633371	Serum
sample_ZW_U19_Serum_61-19_fastq	-2.860929277134779	-7.482501688285347	-5.960853959957692	4.654649938295503	-3.098181919341019	-0.7833892255437575	-0.5580019792926859	-1.4334404164434535	1.0984362344921819	0.6791254368805443	Serum
sample_ZW_U19_Serum_61-1_fastq	8.941568117979225	1.547947587631337	-3.858011784415712	-1.1765651954544603	-2.801793786362972	2.894315553935564	3.2385848775125465	-0.844599863737567	-1.9097893611397871	0.816593390110626	Serum
sample_ZW_U19_Serum_61-20_fastq	12.071427541373193	-14.867123682691616	14.850525651120366	-0.36582075156194	-4.98454984865573	-2.6655480337255377	2.459418106476294	-1.3514106880258234	-0.4253229309387305	2.7923752794257983	Serum
sample_ZW_U19_Serum_61-21_fastq	10.932350731634015	-9.688780444659278	-6.9539861757133545	-3.3458490523547906	7.1831239494631065	-0.6770305086620165	-0.7663776134185996	-1.812649347741428	4.161950319659657	-2.2065208010231934	Serum
sample_ZW_U19_Serum_61-22_fastq	6.750990794953361	-8.284946818123162	-8.940158019283698	-0.19596168167780575	3.184992510927146	-3.7798707197083607	1.9650249154959136	-0.3625908414984112	0.9603978715212765	1.237147116999249	Serum
sample_ZW_U19_Serum_61-23_fastq	4.263876623850375	4.392096920817802	-5.231420054235191	-0.531476153624897	1.053185953098531	-2.7377210628370756	5.8436084761190505	-1.9978417356218099	0.20943233791950078	3.1119300588969114	Serum
sample_ZW_U19_Serum_61-24_fastq	-1.0400980186401572	-4.752840676391458	-3.686049731779906	4.319461126439565	-5.036608023999654	-0.29329730978537255	-1.5285074348954324	-2.350343640415695	2.703440839804662	4.782402873358193	Serum
sample_ZW_U19_Serum_61-2_fastq	6.395947322245071	-7.916625161019002	-3.7767294301174394	0.7187320417575677	-2.4647947247642126	3.4956177510412463	1.2130930659705437	1.0852292360010714	0.35291001541261013	0.6297016899319107	Serum
sample_ZW_U19_Serum_61-3_fastq	10.309079202290379	-7.0658553452459705	-0.644266930489111	-1.244143642408192	-1.0311677949618843	5.69444208734685	-2.54073392094309	-2.321449181003829	1.4104764398315206	-0.307343385869281	Serum
sample_ZW_U19_Serum_61-4_fastq	3.2186785983864854	-8.358620095595219	-5.6218818697590285	4.921618938128479	0.04876682611009295	0.14621425784806316	-4.804108140435641	-3.1094882156976698	-6.62983607884042	1.2801781138623958	Serum
sample_ZW_U19_Serum_61-5_fastq	5.441436413035065	-9.382429123794891	-3.5747819147062074	2.6386603674253513	-2.577169003269622	2.5321672998729445	-4.161394378437092	-1.4564134890369178	0.26634745119564746	1.6542912904135696	Serum
sample_ZW_U19_Serum_61-6_fastq	-3.4749031366885013	-5.039150241972953	-6.058465389755728	6.341658410291715	5.444774888128442	-1.1022654818139226	-3.433391278480658	-2.824632068502978	-2.835983284232182	-2.0223471622904485	Serum
sample_ZW_U19_Serum_61-7_fastq	-4.896961941060191	-8.782080215040493	-5.823248169835963	6.436314695152217	4.333856679113607	-4.1721651228488055	-5.7630222668031355	0.6055395923571906	-5.724669359970884	1.466574529595815	Serum
sample_ZW_U19_Serum_61-8_fastq	8.163564269986592	-9.37037738348466	-5.536187350375044	0.5735087548482255	1.5978209967525296	0.06539599850584746	-2.3806641920853475	-0.8382214545732622	-0.6244767713464967	0.7245164194157622	Serum
sample_ZW_U19_Serum_61-9_fastq	10.133021556784211	-9.970424944479083	-10.177006769043246	-3.2432526211204076	-1.3923885531687217	5.157212509129126	0.4931373919833428	1.588275429633622	-1.281791997162451	-3.436667517681819	Serum
sample_ZW_U19_Serum_62-10_fastq	-26.174359466274804	-8.407080452662413	-4.870708262626585	3.860000704624762	3.8074747274226644	4.135225867356297	1.251925334475622	-1.3837478826062388	4.270008805685806	-1.331513085265471	Serum
sample_ZW_U19_Serum_62-11_fastq	-35.909619294245445	-8.195865418718643	-8.754656454700426	-5.269323048514813	2.7010761420208858	2.0211266446232226	3.600115200099137	-2.4699602488604917	5.156003574374365	3.8800313657723695	Serum
sample_ZW_U19_Serum_62-12_fastq	-23.18015801395949	-5.297322036339698	-0.3180095733853865	4.322909831130029	0.7846876648886587	2.4271214067361417	0.24051281633748747	-2.9597814970031635	5.9123642066182445	1.888426214280684	Serum
sample_ZW_U19_Serum_62-13_fastq	-29.87954492767521	-6.9896435777800185	0.8709654760207903	-0.12803070131201277	4.851388957042737	1.2830475498227094	2.079330911900578	1.588134765936167	3.126763211054543	-0.7222587235993051	Serum
sample_ZW_U19_Serum_62-14_fastq	-20.854445653128515	-7.607898791989953	-2.738668492350598	4.896097238394034	-1.704844609595043	2.541784043566941	1.5014932614253707	1.4809914753356233	-0.13169114650829697	-1.5410159891066455	Serum
sample_ZW_U19_Serum_62-15_fastq	-21.108677692449366	-4.466681475709702	-3.6161032011895493	4.620645516576884	2.668047367327876	-2.3386798159197024	-0.45947348988912406	-4.247069837103551	4.577957411850629	1.207770077469835	Serum
sample_ZW_U19_Serum_62-16_fastq	-12.113502981050777	-9.340151972004382	-8.361281028519263	7.48069301713228	-0.5777670375776519	2.908487805612302	-2.7494409303164806	0.8945587764296834	1.8987535271036062	1.9713991927733319	Serum
sample_ZW_U19_Serum_62-17_fastq	9.878751537465906	-9.483749180571508	-9.206016826736738	-3.46458229824151	3.559703544862302	4.616810992935736	0.5447209732619036	0.9871403668837333	-0.12273903402200262	-0.4546537929833513	Serum
sample_ZW_U19_Serum_62-18_fastq	-6.454954866429	-9.47794631817102	-6.244054495707865	3.8641500846645784	-1.9919746505664193	4.020301195857884	-5.417416068032659	0.3663381062062105	6.959918069464458	-1.2736427401531785	Serum
sample_ZW_U19_Serum_62-19_fastq	-27.149678420304895	-8.454308766285518	-4.007015759302109	2.7880456333720947	0.24243452485811212	0.29213974658201036	4.263306127628607	-5.625703329442181	8.565322321865315	-0.5243955695505115	Serum
sample_ZW_U19_Serum_62-1_fastq	-1.660487807999849	-9.916094218467949	-6.968237606337562	4.400333552219833	-3.032342089089327	5.694474120330568	-3.5275996198424293	-1.242983312235739	-2.494521862006938	1.4422908936848133	Serum
sample_ZW_U19_Serum_62-20_fastq	2.0488478307486595	-11.987986861675205	10.094305818730053	4.205926654858933	-3.3362220598010603	-1.7559442627194124	2.9584921466896112	-1.650751641024566	-0.0057600832464558115	4.037225021322832	Serum
sample_ZW_U19_Serum_62-21_fastq	6.183802958510403	-7.368462711914704	-6.276308667412515	1.094844427209875	10.723394287038937	2.099620502430101	-2.1781254832802466	-4.680143415915751	3.2870814583628145	-0.06608408982057208	Serum
sample_ZW_U19_Serum_62-22_fastq	-19.61035943973988	-8.521790653618575	-5.253893738143476	6.877418242895326	4.856129524835432	0.4083603279057094	-0.5023983639535631	-3.6265898909329106	4.170104410960212	-3.701590543732638	Serum
sample_ZW_U19_Serum_62-23_fastq	-24.291748389891733	-5.752099863737942	-3.7921038634986974	5.280066249587921	1.166867089038878	0.3507873267952165	3.437151015542947	-7.375511346702994	8.216799623914703	2.475991553052204	Serum
sample_ZW_U19_Serum_62-24_fastq	-28.120363997437305	-7.727429023449793	-3.089810517084455	2.8457268763506316	-2.0252751178242505	2.380715669415266	5.310461828286123	-5.971398754837279	5.673121092117169	2.334122806846247	Serum
sample_ZW_U19_Serum_62-2_fastq	7.13106750853869	-9.856536808060502	-8.924734660007312	0.7192558841305016	-1.698882448282498	5.508735524853509	-0.2794153300111722	-0.8157952641981456	-2.349808587630167	2.5204883181066986	Serum
sample_ZW_U19_Serum_62-3_fastq	7.839186397345497	-9.5496816531247	-5.057673019022541	-0.8743145750502125	-0.7129425400860834	2.9382907947671395	0.7150057262436157	-1.2548275283550299	0.25996583973109155	0.04497733165106588	Serum
sample_ZW_U19_Serum_62-4_fastq	-11.728665698231598	-12.991769369379085	9.897582874710622	8.481349247188383	0.9872650852344403	-3.3637211220176666	-2.060871747586044	-3.853548052459809	-6.8309328640599665	-1.460905942371691	Serum
sample_ZW_U19_Serum_62-5_fastq	0.37178590779531506	-12.062718438575919	-8.521376453112397	6.55887297563323	0.14215206849706746	1.9123463518370256	-1.1041839781522789	0.14291609183798987	-0.6184984208566652	0.3436148894769683	Serum
sample_ZW_U19_Serum_62-6_fastq	-15.353128545654872	-10.48681807880214	-1.3231159270724993	6.680255545636755	4.6649885384554395	4.0518203240497	-2.10187958118104	-1.9001252340706911	-2.2944306331223143	0.0012594296790158944	Serum
sample_ZW_U19_Serum_62-7_fastq	-16.257032196491366	-15.539457514464857	13.294509201808314	4.65554125228391	5.853464453270604	-0.4606907331434728	1.0145308921720353	-3.7519510156009312	-9.609388036282633	2.381413518773699	Serum
sample_ZW_U19_Serum_62-8_fastq	6.853381302888518	-11.662545641901657	-8.829371727442544	1.735938977198606	3.2753937410627656	2.2799417887574345	-3.0687075817909415	-1.062989595741629	-2.105633964826912	2.9231091319039932	Serum
sample_ZW_U19_Serum_62-9_fastq	7.917094404647075	-9.565546841706555	-5.565671189602343	-2.132050760337726	0.676884528710976	6.082186862707985	-2.314335830673951	1.0133008390143432	-0.10678934794067667	-4.4580842797906755	Serum
